PLAYER_NAME,Salary,TEAM_ABBREVIATION,SEASON
Stephen Curry,52411485,GSW,2021-22
Chris Paul,50403633,PHO,2021-22
Russell Westbrook,50403633,WAS,2021-22
James Harden,50277018,BRK,2021-22
John Wall,50277018,HOU,2021-22
Kevin Durant,48880434,BRK,2021-22
LeBron James,47796549,LAL,2021-22
Paul George,43203114,LAC,2021-22
Mike Conley,42047453,UTA,2021-22
Kemba Walker,41897515,BOS,2021-22
Kawhi Leonard,41897515,LAC,2021-22
Jimmy Butler,41897515,MIA,2021-22
Tobias Harris,41872836,PHI,2021-22
Blake Griffin,41313933,BRK,2021-22
Kyrie Irving,41097748,BRK,2021-22
Khris Middleton,40279853,MIL,2021-22
Anthony Davis,39902395,LAL,2021-22
Damian Lillard,38543497,POR,2021-22
Kevin Love,38094169,CLE,2021-22
Ben Simmons,37242235,PHI,2021-22
Pascal Siakam,37242235,TOR,2021-22
Kyle Lowry,37170089,TOR,2021-22
Steven Adams,36064364,NOP,2021-22
Nikola Jokic,36002595,DEN,2021-22
Andrew Wiggins,36002595,GSW,2021-22
Joel Embiid,36002595,PHI,2021-22
Kristaps Porzingis,35912155,DAL,2021-22
Karl-Anthony Towns,35912155,MIN,2021-22
Devin Booker,35912155,PHO,2021-22
CJ McCollum,35773654,POR,2021-22
Andre Drummond,35039540,LAL,2021-22
Bradley Beal,35039541,WAS,2021-22
D'Angelo Russell,34914596,MIN,2021-22
Gordon Hayward,34732706,CHO,2021-22
DeMar DeRozan,33806470,SAS,2021-22
Giannis Antetokounmpo,33548245,MIL,2021-22
Rudy Gobert,33544824,UTA,2021-22
Al Horford,33514014,OKC,2021-22
Jamal Murray,33251996,DEN,2021-22
Brandon Ingram,33251996,NOP,2021-22
Jrue Holiday,32936368,MIL,2021-22
Nikola Vucevic,31685977,CHI,2021-22
Jaylen Brown,30510084,BOS,2021-22
Buddy Hield,30384192,SAC,2021-22
Draymond Green,27112175,GSW,2021-22
Harrison Barnes,27074338,SAC,2021-22
Fred VanVleet,25897193,TOR,2021-22
Victor Oladipo,25592520,MIA,2021-22
Malcolm Brogdon,25226913,IND,2021-22
Julius Randle,24184931,NYK,2021-22
Domantas Sabonis,24130090,IND,2021-22
Gary Harris,23899409,ORL,2021-22
Danilo Gallinari,23764483,ATL,2021-22
Zach LaVine,23764483,CHI,2021-22
Jerami Grant,23216072,DET,2021-22
Terry Rozier,23033268,CHO,2021-22
Aaron Gordon,22102631,DEN,2021-22
Clint Capela,21936446,ATL,2021-22
Bogdan Bogdanovic,21936446,ATL,2021-22
Myles Turner,21936446,IND,2021-22
Goran Dragic,21936446,MIA,2021-22
Bojan Bogdanovic,21753642,UTA,2021-22
LaMarcus Aldridge,21483506,BRK,2021-22
Gorgui Dieng,21433964,SAS,2021-22
Evan Fournier,20900558,BOS,2021-22
Ricky Rubio,20717754,MIN,2021-22
Eric Bledsoe,20565418,NOP,2021-22
Eric Gordon,20558431,HOU,2021-22
Caris LeVert,19747315,IND,2021-22
Joe Harris,19586113,BRK,2021-22
James Johnson,19556463,NOP,2021-22
Cody Zeller,18787018,CHO,2021-22
Danny Green,18726233,PHI,2021-22
Jonas Valanciunas,18280371,MEM,2021-22
Andre Iguodala,18280371,MIA,2021-22
Davis Bertans,18280371,WAS,2021-22
Marcus Morris,18138663,LAC,2021-22
Rudy Gay,17671026,SAS,2021-22
Dejounte Murray,17410226,SAS,2021-22
Will Barton,16724363,DEN,2021-22
Thaddeus Young,16507175,CHI,2021-22
Terrence Ross,16452334,ORL,2021-22
Malik Beasley,16362023,MIN,2021-22
Patrick Beverley,16249218,LAC,2021-22
Christian Wood,15862334,HOU,2021-22
Justise Winslow,15842988,MEM,2021-22
Marcus Smart,15777701,BOS,2021-22
Jusuf Nurkic,15707578,POR,2021-22
Kelly Olynyk,15623197,HOU,2021-22
Brook Lopez,15474547,MIL,2021-22
Cory Joseph,15355512,DET,2021-22
Markelle Fultz,14976129,ORL,2021-22
Taurean Prince,14928970,CLE,2021-22
Tony Snell,14841920,ATL,2021-22
Robert Covington,14792897,POR,2021-22
Kentavious Caldwell-Pope,14713286,LAL,2021-22
Nicolas Batum,14146851,LAC,2021-22
Jordan Clarkson,14014951,UTA,2021-22
Spencer Dinwiddie,13958950,BRK,2021-22
Dillon Brooks,13893082,MEM,2021-22
Dwight Powell,13503253,DAL,2021-22
Lonzo Ball,13410215,NOP,2021-22
Josh Richardson,13242242,DAL,2021-22
Norman Powell,13242242,POR,2021-22
Jeremy Lamb,12796260,IND,2021-22
DeAndre Jordan,12644750,BRK,2021-22
Joe Ingles,12630075,UTA,2021-22
Zion Williamson,12486078,NOP,2021-22
Paul Millsap,12308783,DEN,2021-22
Rodney Hood,12244741,TOR,2021-22
Tomas Satoransky,12186914,CHI,2021-22
Jayson Tatum,12061535,BOS,2021-22
Anthony Edwards,11891308,MIN,2021-22
Al-Farouq Aminu,11846777,CHI,2021-22
Dante Exum,11699437,CLE,2021-22
George Hill,11687984,PHI,2021-22
De'Anthony Melton,11664963,MEM,2021-22
Kyle Anderson,11583784,MEM,2021-22
Meyers Leonard,11455699,MIA,2021-22
Tristan Thompson,11282645,BOS,2021-22
Serge Ibaka,11282645,LAC,2021-22
Montrezl Harrell,11282645,LAL,2021-22
Jae Crowder,11282645,PHO,2021-22
Derrick Favors,11282645,UTA,2021-22
Dario Saric,11272895,PHO,2021-22
Ja Morant,11171500,MEM,2021-22
Delon Wright,10968223,SAC,2021-22
Cedi Osman,10773939,CLE,2021-22
Tyus Jones,10745376,MEM,2021-22
James Wiseman,10639468,GSW,2021-22
Royce O'Neale,10358877,UTA,2021-22
Maxi Kleber,10328410,DAL,2021-22
Thomas Bryant,10155761,WAS,2021-22
RJ Barrett,10031975,NYK,2021-22
Jakob Poeltl,9873657,SAS,2021-22
De'Aaron Fox,9870946,SAC,2021-22
Luka Doncic,9809686,DAL,2021-22
Mason Plumlee,9749531,DET,2021-22
Seth Curry,9547776,PHI,2021-22
Derrick Rose,9363116,NYK,2021-22
Cristiano Felicio,9175552,CHI,2021-22
Rajon Rondo,9140185,LAC,2021-22
De'Andre Hunter,9045127,ATL,2021-22
Doug McDermott,8937070,IND,2021-22
Robin Lopez,8896447,WAS,2021-22
JaMychal Green,8774285,DEN,2021-22
Nemanja Bjelica,8713643,MIA,2021-22
Patrick Williams,8614149,CHI,2021-22
Ivica Zubac,8530840,LAC,2021-22
Darius Miller,8530840,OKC,2021-22
Aron Baynes,8530840,TOR,2021-22
Jabari Parker,8446419,BOS,2021-22
Lauri Markkanen,8203631,CHI,2021-22
Darius Garland,8190484,CLE,2021-22
Trae Young,8008996,ATL,2021-22
Chris Boucher,7921494,TOR,2021-22
Isaac Okoro,7800746,CLE,2021-22
Frank Ntilikina,7527342,NYK,2021-22
Jarrett Culver,7439233,MIN,2021-22
Alec Burks,7312148,NYK,2021-22
Mo Bamba,7274418,ORL,2021-22
Onyeka Okongwu,7085033,ATL,2021-22
Justin Holiday,6971402,IND,2021-22
Avery Bradley,6867326,HOU,2021-22
Coby White,6791377,CHI,2021-22
Trey Lyles,6702802,SAS,2021-22
Malik Monk,6514743,CHO,2021-22
Killian Hayes,6467741,DET,2021-22
Luke Kennard,6427166,LAC,2021-22
Donovan Mitchell,6331712,UTA,2021-22
Rodney McGruder,6327820,DET,2021-22
Bam Adebayo,6234206,MIA,2021-22
Justin Jackson,6227070,MIL,2021-22
Jaxson Hayes,6221614,NOP,2021-22
Ed Davis,6099977,MIN,2021-22
Mike Scott,6099977,PHI,2021-22
Richaun Holmes,6099977,SAC,2021-22
Daniel Theis,6093457,CHI,2021-22
Nerlens Noel,6093457,NYK,2021-22
Collin Sexton,6083561,CLE,2021-22
Pat Connaughton,6018231,MIL,2021-22
Obi Toppin,5925326,NYK,2021-22
Kevon Looney,5875834,GSW,2021-22
Kris Dunn,5809502,ATL,2021-22
Garrett Temple,5809502,CHI,2021-22
Josh Jackson,5809502,DET,2021-22
Elfrid Payton,5809502,NYK,2021-22
Rui Hachimura,5719123,WAS,2021-22
Denzel Valentine,5658140,CHI,2021-22
Kevin Knox,5592185,NYK,2021-22
Cam Reddish,5432926,ATL,2021-22
Mikal Bridges,5312276,PHO,2021-22
Jalen Smith,5174222,PHO,2021-22
Cameron Johnson,5161353,PHO,2021-22
JaVale McGee,5118504,DEN,2021-22
Reggie Bullock,5118504,NYK,2021-22
Shai Gilgeous-Alexander,5046991,OKC,2021-22
John Collins,5042094,ATL,2021-22
Willie Cauley-Stein,4996634,DAL,2021-22
Devin Vassell,4915518,SAS,2021-22
Dorian Finney-Smith,4874765,DAL,2021-22
Patrick McCaw,4874765,TOR,2021-22
Alex Len,4838994,WAS,2021-22
Terrance Ferguson,4806534,PHI,2021-22
Miles Bridges,4794722,CHO,2021-22
Austin Rivers,4788298,DEN,2021-22
Jevon Carter,4783363,PHO,2021-22
Jarrett Allen,4764964,CLE,2021-22
Nicolo Melli,4749771,DAL,2021-22
Gabriel Deck,4716786,OKC,2021-22
Tyrese Haliburton,4669830,SAC,2021-22
Tyler Herro,4658131,MIA,2021-22
Patrick Patterson,4649028,LAC,2021-22
Stanley Johnson,4636085,TOR,2021-22
Jake Layman,4583602,MIN,2021-22
Jerome Robinson,4554883,WAS,2021-22
Romeo Langford,4425312,BOS,2021-22
Wesley Matthews,4415319,LAL,2021-22
Bobby Portis,4415319,MIL,2021-22
Wayne Ellington,4344333,DET,2021-22
Kyle Kuzma,4341195,LAL,2021-22
Tony Bradley,4316678,OKC,2021-22
Derrick White,4285265,SAS,2021-22
Bismack Biyombo,4265420,CHO,2021-22
Boban Marjanovic,4265420,DAL,2021-22
Josh Hart,4254645,NOP,2021-22
Aaron Nesmith,4214722,BOS,2021-22
Sekou Doumbouya,4203754,DET,2021-22
Dewayne Dedmon,4201411,MIA,2021-22
Jeff Teague,4110433,MIL,2021-22
Michael Carter-Williams,4021681,ORL,2021-22
Cole Anthony,4003547,ORL,2021-22
Taj Gibson,4001797,NYK,2021-22
Facundo Campazzo,3899812,DEN,2021-22
Isaiah Stewart,3803633,DET,2021-22
Chuma Okeke,3803633,ORL,2021-22
Nickeil Alexander-Walker,3793981,NOP,2021-22
DeMarcus Cousins,3719241,LAC,2021-22
Donte DiVincenzo,3709891,MIL,2021-22
Khem Birch,3670087,TOR,2021-22
Ryan Arcidiacono,3656074,CHI,2021-22
Trey Burke,3656074,DAL,2021-22
Aleksej Pokusevski,3613225,OKC,2021-22
Goga Bitadze,3604304,IND,2021-22
Ben McLemore,3526442,LAL,2021-22
Luka Samanic,3441974,SAS,2021-22
Josh Green,3432761,DAL,2021-22
Kevin Huerter,3365928,ATL,2021-22
Alex Caruso,3351401,LAL,2021-22
Matisse Thybulle,3304213,PHI,2021-22
Saddiq Bey,3278182,DET,2021-22
Josh Okogie,3230799,MIN,2021-22
Vincent Poirier,3192005,PHI,2021-22
Brandon Clarke,3172156,MEM,2021-22
Precious Achiuwa,3146856,MIA,2021-22
Jeff Green,3125642,BRK,2021-22
Jared Dudley,3125642,LAL,2021-22
Marc Gasol,3125642,LAL,2021-22
Udonis Haslem,3125642,MIA,2021-22
Dwight Howard,3125642,PHI,2021-22
Grayson Allen,3101959,MEM,2021-22
Grant Williams,3045217,BOS,2021-22
Tyrese Maxey,3020941,PHI,2021-22
Chandler Hutchison,2977799,WAS,2021-22
Mfiondu Kabengele,2964287,CLE,2021-22
Darius Bazley,2923835,OKC,2021-22
Moritz Wagner,2905256,ORL,2021-22
Zeke Nnaji,2900290,DEN,2021-22
Aaron Holiday,2858611,IND,2021-22
Bryn Forbes,2848258,MIL,2021-22
Reggie Jackson,2841492,LAC,2021-22
Markieff Morris,2841492,LAL,2021-22
E'Twaun Moore,2841492,PHO,2021-22
Kent Bazemore,2827417,GSW,2021-22
Hassan Whiteside,2827417,SAC,2021-22
Ty Jerome,2806695,OKC,2021-22
Mike Muscala,2782314,OKC,2021-22
Anfernee Simons,2744541,POR,2021-22
Luke Kornet,2742055,BOS,2021-22
Brad Wanamaker,2742055,CHO,2021-22
Nassir Little,2694088,POR,2021-22
Solomon Hill,2649822,ATL,2021-22
Matthew Dellavedova,2649822,CLE,2021-22
Edmond Sumner,2632373,IND,2021-22
Anderson Varejao,2610087,CLE,2021-22
Dylan Windler,2604879,CLE,2021-22
Immanuel Quickley,2565979,NYK,2021-22
John Konchar,2559252,MEM,2021-22
Landry Shamet,2547113,BRK,2021-22
Jordan Poole,2514501,GSW,2021-22
Bol Bol,2508359,DEN,2021-22
Keldon Johnson,2495928,SAS,2021-22
Payton Pritchard,2481012,BOS,2021-22
Robert Williams,2473846,BOS,2021-22
Tyler Johnson,2472230,BRK,2021-22
Bruno Caboclo,2472230,HOU,2021-22
Langston Galloway,2472230,PHO,2021-22
Gary Clark,2459876,PHI,2021-22
Damyean Dotson,2437382,CLE,2021-22
Theo Maledon,2437382,OKC,2021-22
Kenrich Williams,2437382,OKC,2021-22
Quinn Cook,2415018,CLE,2021-22
Cameron Payne,2409366,PHO,2021-22
Udoka Azubuike,2409352,UTA,2021-22
Jaden McDaniels,2394436,MIN,2021-22
Malachi Flynn,2377179,TOR,2021-22
Desmond Bane,2359922,MEM,2021-22
Jontay Porter,2315513,MEM,2021-22
Jahlil Okafor,2294633,DET,2021-22
JaKarr Sampson,2294633,IND,2021-22
Raul Neto,2294633,WAS,2021-22
David Nwaba,2222896,HOU,2021-22
Marquese Chriss,2222896,GSW,2021-22
Georges Niang,2173605,UTA,2021-22
Rodions Kurucs,2169456,MIL,2021-22
PJ Dozier,2148304,DEN,2021-22
Damion Lee,2148304,GSW,2021-22
Alfonzo McKinnie,2148304,LAL,2021-22
Furkan Korkmaz,2148304,PHI,2021-22
Semi Ojeleye,2136305,BOS,2021-22
Abdel Nader,2136305,PHO,2021-22
Thon Maker,2117043,CLE,2021-22
Willy Hernangomez,2117043,NOP,2021-22
Frank Kaminsky,2117043,PHO,2021-22
Monte Morris,2100666,DEN,2021-22
Brandon Goodwin,2073716,ATL,2021-22
Thanasis Antetokounmpo,2073716,MIL,2021-22
Shake Milton,2073716,PHI,2021-22
Ignas Brazdeikis,2055097,ORL,2021-22
Sterling Brown,2046005,HOU,2021-22
Dwayne Bacon,2046005,ORL,2021-22
Torrey Craig,2046005,PHO,2021-22
Bruce Brown,2027733,BRK,2021-22
Jalen Brunson,2027733,DAL,2021-22
Hamidou Diallo,2027733,DET,2021-22
Duncan Robinson,2027733,MIA,2021-22
Kendrick Nunn,2027733,MIA,2021-22
Jarred Vanderbilt,2027733,MIN,2021-22
Mitchell Robinson,2027733,NYK,2021-22
Isaac Bonga,2027733,WAS,2021-22
Isaiah Hartenstein,1974967,CLE,2021-22
Wenyen Gabriel,1974967,NOP,2021-22
Harry Giles,1974967,POR,2021-22
Drew Eubanks,1974967,SAS,2021-22
Bruno Fernando,1849950,ATL,2021-22
Carsen Edwards,1849950,BOS,2021-22
Cody Martin,1849950,CHO,2021-22
Caleb Martin,1849950,CHO,2021-22
Jalen McDaniels,1849950,CHO,2021-22
Javonte Green,1849950,CHI,2021-22
Dean Wade,1849950,CLE,2021-22
Vlatko Cancar,1849950,DEN,2021-22
Eric Paschall,1849950,GSW,2021-22
Alen Smailagic,1849950,GSW,2021-22
Mychal Mulder,1849950,GSW,2021-22
Jalen Lecque,1849950,IND,2021-22
Terance Mann,1849950,LAC,2021-22
Talen Horton-Tucker,1849950,LAL,2021-22
KZ Okpala,1849950,MIA,2021-22
Naz Reid,1849950,MIN,2021-22
Jaylen Nowell,1849950,MIN,2021-22
Luguentz Dort,1849950,OKC,2021-22
Isaiah Roby,1849950,OKC,2021-22
Justin James,1849950,SAC,2021-22
Terence Davis,1849950,SAC,2021-22
Chris Silva,1849950,SAC,2021-22
Matt Thomas,1849950,UTA,2021-22
Miye Oni,1849950,UTA,2021-22
Juwan Morgan,1849950,UTA,2021-22
Daniel Gafford,1849950,WAS,2021-22
Damian Jones,1812540,SAC,2021-22
Jae'Sean Tate,1761858,HOU,2021-22
DaQuan Jeffries,1761858,HOU,2021-22
Kelan Martin,1761858,IND,2021-22
Paul Watson,1761858,TOR,2021-22
Tyrell Terry,1571924,DAL,2021-22
Oshae Brissett,1530058,IND,2021-22
Moses Brown,1523364,OKC,2021-22
Sindarius Thornwell,1506167,ORL,2021-22
Ersan Ilyasova,1455778,UTA,2021-22
Glenn Robinson III,1420167,SAC,2021-22
Khyri Thomas,1293376,HOU,2021-22
Norvel Pelle,1236854,NYK,2021-22
Nick Richards,1218691,CHO,2021-22
Lamar Stevens,1218691,CLE,2021-22
Jahmi'us Ramsey,1218691,SAC,2021-22
Juan Toscano-Anderson,1150399,GSW,2021-22
Shaquille Harrison,1115160,DEN,2021-22
Chimezie Metu,1110099,SAC,2021-22
Deividas Sirvydis,1094762,DET,2021-22
Daniel Oturu,1094762,LAC,2021-22
Jordan Nwora,1094762,MIL,2021-22
Sam Merrill,1094762,MIL,2021-22
Isaiah Joe,1094762,PHI,2021-22
CJ Elleby,1094762,POR,2021-22
Tre Jones,1094762,SAS,2021-22
Elijah Hughes,1094762,UTA,2021-22
Anthony Gill,1094762,WAS,2021-22
Iman Shumpert,978662,BRK,2021-22
Theo Pinson,977612,NYK,2021-22
Yuta Watanabe,899389,TOR,2021-22
Tremont Waters,868047,BOS,2021-22
Frank Jackson,852004,DET,2021-22
Rayjon Tucker,845473,PHI,2021-22
Tyler Cook,844724,DET,2021-22
Garrison Mathews,838523,WAS,2021-22
Gabe Vincent,805250,MIA,2021-22
Tacko Fall,796931,BOS,2021-22
Max Strus,788612,MIA,2021-22
Alize Johnson,757522,BRK,2021-22
Anthony Tolliver,749297,PHI,2021-22
Paul Reed,742339,PHI,2021-22
Tim Frazier,728123,MEM,2021-22
Jordan Bell,721913,GSW,2021-22
Amir Coffey,705429,LAC,2021-22
Naji Marshall,656132,NOP,2021-22
Kyle Guy,655519,SAC,2021-22
Markus Howard,652358,DEN,2021-22
Skylar Mays,648609,ATL,2021-22
Mamadi Diakite,645103,MIL,2021-22
Nathan Knight,637362,ATL,2021-22
Jared Harper,634313,NYK,2021-22
Saben Lee,629863,DET,2021-22
Jarrell Brantley,622246,UTA,2021-22
Jordan McLaughlin,613928,MIN,2021-22
Rondae Hollis-Jefferson,612949,POR,2021-22
Reggie Perry,596120,BRK,2021-22
Cassius Stanley,573625,IND,2021-22
Trent Forrest,573625,UTA,2021-22
Chris Chiozza,547332,BRK,2021-22
Grant Riller,547332,CHO,2021-22
Nate Darling,547332,CHO,2021-22
Devon Dotson,547332,CHI,2021-22
Adam Mokoka,547332,CHI,2021-22
Marques Bolden,547332,CLE,2021-22
Tyler Bey,547332,DAL,2021-22
Nate Hinton,547332,DAL,2021-22
Nico Mannion,547332,GSW,2021-22
Jay Scrubb,547332,LAC,2021-22
Devontae Cacok,547332,LAL,2021-22
Kostas Antetokounmpo,547332,LAL,2021-22
Killian Tillie,547332,MEM,2021-22
Sean McDermott,547332,MEM,2021-22
Jaylen Adams,547332,MIL,2021-22
Josh Hall,547332,OKC,2021-22
Ty-Shon Alexander,547332,PHO,2021-22
Keljin Blevins,547332,POR,2021-22
Keita Bates-Diop,547332,SAS,2021-22
Quinndary Weatherspoon,547332,SAS,2021-22
Jalen Harris,547332,TOR,2021-22
Cassius Winston,547332,WAS,2021-22
Yogi Ferrell,541280,LAC,2021-22
Noah Vonleh,521264,BRK,2021-22
Mason Jones,517387,PHI,2021-22
Brodric Thomas,502346,CLE,2021-22
Andre Roberson,501660,BRK,2021-22
Donta Hall,458563,ORL,2021-22
Brian Bowen,457400,IND,2021-22
Anzejs Pasecniks,456152,WAS,2021-22
Freddie Gillespie,442403,TOR,2021-22
Karim Mane,419908,ORL,2021-22
Will Magnay,416159,NOP,2021-22
Greg Whittington,404912,DEN,2021-22
Chasson Randle,341144,ORL,2021-22
Justin Patton,326149,HOU,2021-22
Gary Payton II,304507,GSW,2021-22
Mike James,289619,BRK,2021-22
Anthony Lamb,262420,HOU,2021-22
Justin Robinson,241349,OKC,2021-22
Axel Toupane,239926,MIL,2021-22
Henry Ellenson,205938,TOR,2021-22
Ashton Hagans,202438,MIN,2021-22
Isaiah Thomas,194622,NOP,2021-22
Armoni Brooks,164964,HOU,2021-22
Jordan Bone,164949,ORL,2021-22
Jaylen Hoard,157465,OKC,2021-22
Amida Brimah,149967,IND,2021-22
Didi Louzada,149967,NOP,2021-22
James Nunnally,131221,NOP,2021-22
Dakota Mathias,104968,PHI,2021-22
Malik Fitts,74983,LAC,2021-22
Jeremiah Martin,71234,CLE,2021-22
Louis King,59986,SAC,2021-22
Cameron Oliver,52489,HOU,2021-22
Elijah Bryant,29993,MIL,2021-22
Stephen Curry,52938707,GSW,2022-23
James Harden,51238730,PHI,2022-23
Russell Westbrook,51123449,LAL,2022-23
Kevin Durant,48588451,BRK,2022-23
LeBron James,47619020,LAL,2022-23
Paul George,45496459,LAC,2022-23
Giannis Antetokounmpo,45496378,MIL,2022-23
Damian Lillard,45496378,POR,2022-23
Klay Thompson,43918911,GSW,2022-23
Jimmy Butler,41647244,MIA,2022-23
Tobias Harris,41623828,PHI,2022-23
Khris Middleton,41050337,MIL,2022-23
Anthony Davis,40890021,LAL,2022-23
Rudy Gobert,40870904,UTA,2022-23
Kyrie Irving,40852255,BRK,2022-23
Kemba Walker,40434514,NYK,2022-23
Bradley Beal,38996895,WAS,2022-23
Pascal Siakam,38164020,TOR,2022-23
Blake Griffin,37472385,BRK,2022-23
Karl-Anthony Towns,36599093,MIN,2022-23
Devin Booker,36599093,PHO,2022-23
Kristaps Porzingis,36599093,WAS,2022-23
Andrew Wiggins,36516749,GSW,2022-23
Joel Embiid,36516749,PHI,2022-23
Kevin Love,36145407,CLE,2022-23
Jrue Holiday,36044894,MIL,2022-23
Nikola Jokic,35898700,DEN,2022-23
CJ McCollum,35689739,NOP,2022-23
Chris Paul,35615504,PHO,2022-23
D'Angelo Russell,34706036,MIN,2022-23
Gordon Hayward,34603699,CHO,2022-23
Brandon Ingram,34075017,NOP,2022-23
Jayson Tatum,32497412,BOS,2022-23
Bam Adebayo,32497412,MIA,2022-23
De'Aaron Fox,32497412,SAC,2022-23
Donovan Mitchell,32497412,UTA,2022-23
Al Horford,31221383,BOS,2022-23
Kyle Lowry,31203029,MIA,2022-23
Jaylen Brown,30942620,BOS,2022-23
DeMar DeRozan,30065035,CHI,2022-23
Draymond Green,27783229,GSW,2022-23
Nikola Vucevic,27752340,CHI,2022-23
Buddy Hield,26680677,IND,2022-23
John Collins,26595993,ATL,2022-23
Malcolm Brogdon,25092741,IND,2022-23
Mike Conley,24283298,UTA,2022-23
Gary Harris,24204831,ORL,2022-23
Danilo Gallinari,23676215,ATL,2022-23
Harrison Barnes,23455458,SAC,2022-23
Jerami Grant,23129841,DET,2022-23
Jarrett Allen,23126950,CLE,2022-23
Julius Randle,22895681,NYK,2022-23
Fred VanVleet,22752208,TOR,2022-23
Zach LaVine,22548776,CHI,2022-23
Goran Dragic,22374060,BRK,2022-23
Spencer Dinwiddie,22334024,DAL,2022-23
Bojan Bogdanovic,21623698,UTA,2022-23
Domantas Sabonis,21392429,SAC,2022-23
Eric Gordon,21067285,HOU,2022-23
Eric Bledsoe,20958799,LAC,2022-23
Bogdan Bogdanovic,20814255,ATL,2022-23
Myles Turner,20814255,IND,2022-23
Terry Rozier,20704706,CHO,2022-23
Ricky Rubio,20582986,CLE,2022-23
Clint Capela,20355703,ATL,2022-23
Caris LeVert,20236081,CLE,2022-23
Joe Harris,20070889,BRK,2022-23
Evan Fournier,19823100,NYK,2022-23
Steven Adams,19742519,MEM,2022-23
Markelle Fultz,19079734,ORL,2022-23
Aaron Gordon,18974611,DEN,2022-23
OG Anunoby,18584157,TOR,2022-23
Davis Bertans,18501560,DAL,2022-23
Lauri Markkanen,18144143,CLE,2022-23
Derrick White,18129876,BOS,2022-23
Duncan Robinson,18096838,MIA,2022-23
Marcus Morris,18071291,LAC,2022-23
Will Barton,18067930,DEN,2022-23
Norman Powell,17943324,LAC,2022-23
Dejounte Murray,17841147,SAS,2022-23
Malik Beasley,16757746,MIN,2022-23
Patrick Beverley,16560038,MIN,2022-23
Thaddeus Young,16408571,TOR,2022-23
Jonas Valanciunas,16188865,NOP,2022-23
Marcus Smart,16003023,BOS,2022-23
Doug McDermott,15899778,SAS,2022-23
Christian Wood,15803416,HOU,2022-23
Derrick Rose,15547231,NYK,2022-23
Luke Kennard,15434611,LAC,2022-23
Taurean Prince,15419171,MIN,2022-23
Brook Lopez,15382110,MIL,2022-23
Kentavious Caldwell-Pope,15077455,WAS,2022-23
Joe Ingles,15074567,UTA,2022-23
Kyle Kuzma,15032517,WAS,2022-23
Robert Covington,15004153,LAC,2022-23
Terrence Ross,14454344,ORL,2022-23
Jordan Clarkson,14361836,UTA,2022-23
Dillon Brooks,14107439,MEM,2022-23
Kelly Olynyk,14101799,DET,2022-23
Nicolas Batum,13907389,LAC,2022-23
Jusuf Nurkic,13876170,POR,2022-23
Josh Hart,13876170,POR,2022-23
Josh Richardson,13431355,SAS,2022-23
DeAndre Jordan,12846241,PHI,2022-23
Dwight Powell,12812475,DAL,2022-23
Jeremy Lamb,12141649,SAC,2022-23
Reggie Jackson,12008090,LAC,2022-23
Richaun Holmes,12008090,SAC,2022-23
Anthony Edwards,11847335,MIN,2022-23
Luka Doncic,11765131,DAL,2022-23
Cade Cunningham,11621431,DET,2022-23
Danny Green,11563475,PHI,2022-23
Tomas Satoransky,11563475,WAS,2022-23
Tristan Thompson,11501738,CHI,2022-23
Kyle Anderson,11490798,MEM,2022-23
Montrezl Harrell,11240738,CHO,2022-23
Serge Ibaka,11240738,MIL,2022-23
Derrick Favors,11240738,OKC,2022-23
Jae Crowder,11240738,PHO,2022-23
Ja Morant,11104821,MEM,2022-23
Reggie Bullock,11026930,DAL,2022-23
Alec Burks,11026930,NYK,2022-23
Talen Horton-Tucker,10985301,LAL,2022-23
Mason Plumlee,10694287,CHO,2022-23
Jalen Green,10397969,HOU,2022-23
De'Anthony Melton,10182768,MEM,2022-23
Nerlens Noel,10175858,NYK,2022-23
Royce O'Neale,10175858,UTA,2022-23
Maxi Kleber,10118040,DAL,2022-23
Jakob Poeltl,10118040,SAS,2022-23
Thomas Bryant,10021679,WAS,2022-23
RJ Barrett,9972248,NYK,2022-23
Alex Caruso,9944588,CHI,2022-23
Delon Wright,9859384,ATL,2022-23
Monte Morris,9770065,DEN,2022-23
Tyus Jones,9685897,MEM,2022-23
Trae Young,9628294,ATL,2022-23
Daniel Theis,9574963,BOS,2022-23
LaMelo Ball,9518775,CHO,2022-23
Seth Curry,9490743,BRK,2022-23
JaMychal Green,9482049,DEN,2022-23
Cedi Osman,9404960,CLE,2022-23
Evan Mobley,9337691,CLE,2022-23
De'Andre Hunter,8991064,ATL,2022-23
Mo Bamba,8752097,ORL,2022-23
Ivica Zubac,8694019,LAC,2022-23
Rajon Rondo,8672605,CLE,2022-23
Patrick Williams,8582411,CHI,2022-23
Cory Joseph,8452900,DET,2022-23
Scottie Barnes,8418672,TOR,2022-23
Darius Garland,8141704,CLE,2022-23
Chris Boucher,8117559,TOR,2022-23
Zach Collins,8094432,SAS,2022-23
Isaac Okoro,7771488,CLE,2022-23
Jalen Suggs,7623706,ORL,2022-23
Cameron Payne,7516258,PHO,2022-23
Jarrett Culver,7395027,MEM,2022-23
Khem Birch,7342806,TOR,2022-23
Collin Sexton,7342426,CLE,2022-23
Onyeka Okongwu,7058669,ATL,2022-23
Justin Holiday,6945508,SAC,2022-23
Josh Giddey,6924209,OKC,2022-23
Rudy Gay,6810886,UTA,2022-23
Kevin Knox,6759982,ATL,2022-23
Coby White,6750479,CHI,2022-23
Killian Hayes,6443954,DET,2022-23
Mikal Bridges,6426661,PHO,2022-23
Shai Gilgeous-Alexander,6354744,OKC,2022-23
Jonathan Kuminga,6321011,GSW,2022-23
Miles Bridges,6269130,CHO,2022-23
Jaxson Hayes,6184470,NOP,2022-23
Pat Connaughton,6167187,MIL,2022-23
Kris Dunn,6148796,POR,2022-23
George Hill,6100300,MIL,2022-23
Dewayne Dedmon,6078118,MIA,2022-23
Hamidou Diallo,6013007,DET,2022-23
Kevon Looney,5988228,GSW,2022-23
Obi Toppin,5903339,NYK,2022-23
Franz Wagner,5790803,ORL,2022-23
Josh Jackson,5787924,SAC,2022-23
Robin Lopez,5781737,ORL,2022-23
JaVale McGee,5781737,PHO,2022-23
Rui Hachimura,5684789,WAS,2022-23
Garrett Temple,5677666,NOP,2022-23
Taj Gibson,5677666,NYK,2022-23
Torrey Craig,5640719,PHO,2022-23
Bruce Brown,5476579,BRK,2022-23
Donte DiVincenzo,5406884,SAC,2022-23
Cam Reddish,5400328,NYK,2022-23
David Nwaba,5377016,HOU,2022-23
Furkan Korkmaz,5353461,PHI,2022-23
Davion Mitchell,5322898,SAC,2022-23
Bryn Forbes,5203563,DEN,2022-23
Jeff Green,5203563,DEN,2022-23
Jalen Smith,5154997,IND,2022-23
Cameron Johnson,5130714,PHO,2022-23
Ziaire Williams,5056754,MEM,2022-23
Bobby Portis,5027336,MIL,2022-23
Kevin Huerter,4918358,ATL,2022-23
Devin Vassell,4897316,SAS,2022-23
Chandler Hutchison,4884626,PHO,2022-23
Willie Cauley-Stein,4879881,PHI,2022-23
James Bouknight,4803930,CHO,2022-23
Jevon Carter,4749291,MIL,2022-23
Josh Okogie,4727037,MIN,2022-23
Grayson Allen,4688636,MIL,2022-23
Jarred Vanderbilt,4683207,MIN,2022-23
Tyrese Haliburton,4652679,IND,2022-23
Tyler Herro,4630339,MIA,2022-23
Gorgui Dieng,4625390,ATL,2022-23
Dorian Finney-Smith,4625390,DAL,2022-23
Terence Davis,4625390,SAC,2022-23
Aaron Holiday,4602900,PHO,2022-23
Jake Layman,4556222,MIN,2022-23
Anfernee Simons,4554642,POR,2022-23
Justise Winslow,4512575,POR,2022-23
Romeo Langford,4399162,SAS,2022-23
Sekou Doumbouya,4393114,LAL,2022-23
Landry Shamet,4357512,PHO,2022-23
Chris Duarte,4335609,IND,2022-23
Alex Len,4315489,SAC,2022-23
Robert Williams,4234516,BOS,2022-23
Aaron Nesmith,4198929,BOS,2022-23
Moses Moody,4119141,GSW,2022-23
Boban Marjanovic,4047216,DAL,2022-23
Mike Muscala,4047216,OKC,2022-23
Cole Anthony,3988705,ORL,2022-23
Corey Kispert,3912663,WAS,2022-23
Georges Niang,3815946,PHI,2022-23
Isaiah Stewart,3789443,DET,2022-23
Chuma Okeke,3789443,ORL,2022-23
Nickeil Alexander-Walker,3771404,UTA,2022-23
Alperen Sengun,3717287,HOU,2022-23
Trey Burke,3642494,DAL,2022-23
Aleksej Pokusevski,3599894,OKC,2022-23
Facundo Campazzo,3584677,DEN,2022-23
Goga Bitadze,3582827,IND,2022-23
Sterling Brown,3469042,DAL,2022-23
Frank Jackson,3469042,DET,2022-23
Josh Green,3419920,DAL,2022-23
Tre Mann,3354841,OKC,2022-23
Matisse Thybulle,3284212,PHI,2022-23
Saddiq Bey,3265895,DET,2022-23
Kai Jones,3203730,CHO,2022-23
Brandon Clarke,3153220,MEM,2022-23
Precious Achiuwa,3135181,TOR,2022-23
Jalen Johnson,3075514,ATL,2022-23
LaMarcus Aldridge,3054712,BRK,2022-23
James Johnson,3054712,BRK,2022-23
Ed Davis,3054712,CLE,2022-23
Andre Iguodala,3054712,GSW,2022-23
Avery Bradley,3054712,LAL,2022-23
Carmelo Anthony,3054712,LAL,2022-23
Wayne Ellington,3054712,LAL,2022-23
Trevor Ariza,3054712,LAL,2022-23
Dwight Howard,3054712,LAL,2022-23
Udonis Haslem,3054712,MIA,2022-23
Markieff Morris,3054712,MIA,2022-23
Paul Millsap,3054712,PHI,2022-23
Grant Williams,3027086,BOS,2022-23
Tyrese Maxey,3009880,PHI,2022-23
Keon Johnson,2952432,POR,2022-23
Darius Bazley,2905947,OKC,2022-23
Trey Lyles,2890868,SAC,2022-23
Zeke Nnaji,2889434,DEN,2022-23
Isaiah Jackson,2834485,IND,2022-23
Ty Jerome,2790081,OKC,2022-23
Andre Drummond,2777011,BRK,2022-23
Austin Rivers,2777011,DEN,2022-23
Kent Bazemore,2777011,LAL,2022-23
Hassan Whiteside,2777011,UTA,2022-23
Victor Oladipo,2763255,MIA,2022-23
Tony Snell,2763255,NOP,2022-23
Solomon Hill,2763255,ATL,2022-23
Ben McLemore,2763255,POR,2022-23
Cody Zeller,2763255,POR,2022-23
Usman Garuba,2721255,HOU,2022-23
Leandro Bolmaro,2721255,MIN,2022-23
Willy Hernangomez,2691075,NOP,2022-23
Nassir Little,2678378,POR,2022-23
Josh Christopher,2612466,HOU,2022-23
Drew Eubanks,2590009,POR,2022-23
Rodney Hood,2589691,LAC,2022-23
Elfrid Payton,2589691,PHO,2022-23
Dylan Windler,2589293,CLE,2022-23
Immanuel Quickley,2556268,NYK,2022-23
John Konchar,2543964,MEM,2022-23
Quentin Grimes,2507701,NYK,2022-23
Jordan Poole,2499375,GSW,2022-23
Bol Bol,2499042,DEN,2022-23
Keldon Johnson,2481198,SAS,2022-23
Payton Pritchard,2471623,BOS,2022-23
Bones Hyland,2424722,DEN,2022-23
Nemanja Bjelica,2416128,GSW,2022-23
Frank Kaminsky,2416128,PHO,2022-23
Raul Neto,2416128,WAS,2022-23
Jaden McDaniels,2385868,MIN,2022-23
Malachi Flynn,2368246,TOR,2022-23
DeMarcus Cousins,2357725,DEN,2022-23
Cam Thomas,2354647,BRK,2022-23
Desmond Bane,2351039,MEM,2022-23
Jaden Springer,2340077,PHI,2022-23
Day'Ron Sharpe,2323287,BRK,2022-23
Garrison Mathews,2312695,HOU,2022-23
Jordan McLaughlin,2312695,MIN,2022-23
Jeremiah Robinson-Earl,2312695,OKC,2022-23
Theo Maledon,2312695,OKC,2022-23
Kenrich Williams,2312695,OKC,2022-23
Abdel Nader,2312695,PHO,2022-23
Damian Jones,2286111,SAC,2022-23
Wesley Matthews,2264700,MIL,2022-23
Rodney McGruder,2242562,DET,2022-23
Moses Brown,2236270,CLE,2022-23
Jose Alvarado,2226438,NOP,2022-23
Damion Lee,2209618,GSW,2022-23
PJ Dozier,2209618,DEN,2022-23
Killian Tillie,2198939,MEM,2022-23
Tyrell Terry,2161719,MEM,2022-23
Carsen Edwards,2150071,DET,2022-23
Shake Milton,2135470,PHI,2022-23
Jalen Brunson,2083804,DAL,2022-23
Mitchell Robinson,2083804,NYK,2022-23
Tony Bradley,2069001,CHI,2022-23
Frank Ntilikina,2069001,DAL,2022-23
Semi Ojeleye,2069001,LAC,2022-23
Malik Monk,2069001,LAL,2022-23
Didi Louzada,2066251,POR,2022-23
Jalen McDaniels,2061329,CHO,2022-23
Cody Martin,2061329,CHO,2022-23
Dean Wade,2061329,CLE,2022-23
Vlatko Cancar,2061329,DEN,2022-23
Bruno Fernando,2061329,HOU,2022-23
Terance Mann,2061329,LAC,2022-23
Jaylen Nowell,2061329,MIN,2022-23
Naz Reid,2061329,MIN,2022-23
KZ Okpala,2061329,MIA,2022-23
Isaiah Roby,2061329,OKC,2022-23
Luguentz Dort,2061329,OKC,2022-23
Eric Paschall,2061329,UTA,2022-23
Daniel Gafford,2061329,WAS,2022-23
Chimezie Metu,2038404,SAC,2022-23
Yuta Watanabe,2038404,TOR,2022-23
Armoni Brooks,2010962,TOR,2022-23
Isaiah Hartenstein,1999575,LAC,2022-23
Thanasis Antetokounmpo,1999575,MIL,2022-23
Moritz Wagner,1999575,ORL,2022-23
Keita Bates-Diop,1999575,SAS,2022-23
Isaac Bonga,1999575,TOR,2022-23
Juan Toscano-Anderson,1967632,GSW,2022-23
Oshae Brissett,1967632,IND,2022-23
Gabriel Deck,1954813,OKC,2022-23
Matt Thomas,1930149,CHI,2022-23
Javonte Green,1930149,CHI,2022-23
Gary Payton II,1930149,GSW,2022-23
Max Strus,1930149,MIA,2022-23
Gabe Vincent,1930149,MIA,2022-23
Lance Stephenson,1867297,IND,2022-23
Deividas Sirvydis,1854271,DET,2022-23
Daniel Oturu,1854270,TOR,2022-23
Kevin Pangos,1814515,CLE,2022-23
Bismack Biyombo,1755581,PHO,2022-23
Nick Richards,1755313,CHO,2022-23
Lamar Stevens,1755313,CLE,2022-23
Jae'Sean Tate,1755313,HOU,2022-23
Sam Merrill,1755313,MEM,2022-23
Jordan Nwora,1755313,MIL,2022-23
Naji Marshall,1755313,NOP,2022-23
Paul Reed,1755313,PHI,2022-23
Isaiah Joe,1755313,PHI,2022-23
Elijah Hughes,1755313,POR,2022-23
CJ Elleby,1755313,POR,2022-23
Jahmi'us Ramsey,1755313,SAC,2022-23
Tre Jones,1755313,SAS,2022-23
Anthony Gill,1755313,WAS,2022-23
Isaiah Todd,1734521,WAS,2022-23
Saben Lee,1721876,DET,2022-23
Omer Yurtseven,1721876,MIA,2022-23
Stanley Johnson,1583036,LAL,2022-23
Aaron Wiggins,1509913,OKC,2022-23
Marquese Chriss,1495041,DAL,2022-23
JT Thor,1445434,CHO,2022-23
Jabari Parker,1350944,BOS,2022-23
Alfonzo McKinnie,1260426,CHI,2022-23
Isaiah Livers,1222559,DET,2022-23
Denzel Valentine,1162860,UTA,2022-23
Alize Johnson,1160670,NOP,2022-23
Kelan Martin,1149131,BOS,2022-23
Miye Oni,1094206,UTA,2022-23
Ayo Dosunmu,1069919,CHI,2022-23
Marko Simonovic,1069919,CHI,2022-23
Luka Garza,1069919,DET,2022-23
Austin Reaves,1069919,LAL,2022-23
Miles McBride,1069919,NYK,2022-23
Vit Krejci,1069919,OKC,2022-23
Charles Bassey,1069919,PHI,2022-23
Jock Landale,1069919,SAS,2022-23
Dalano Banton,1069919,TOR,2022-23
Jared Butler,1069919,UTA,2022-23
Daishen Nix,1067398,HOU,2022-23
Isaiah Thomas,1053345,CHO,2022-23
Terry Taylor,1035075,IND,2022-23
Mamadi Diakite,1004956,OKC,2022-23
Caleb Martin,975970,MIA,2022-23
Brad Wanamaker,942327,WAS,2022-23
Luke Kornet,939374,BOS,2022-23
Wayne Selden,939373,NYK,2022-23
Gary Clark,938044,NOP,2022-23
Trendon Watford,889034,POR,2022-23
Devontae Cacok,839656,SAS,2022-23
Admiral Schofield,836895,ORL,2022-23
Malik Fitts,729508,BOS,2022-23
Sam Hauser,716354,BOS,2022-23
Greg Monroe,708612,UTA,2022-23
Amir Coffey,663253,LAC,2022-23
Joe Wieskamp,651790,SAS,2022-23
Keifer Sykes,645640,IND,2022-23
Haywood Highsmith,633332,MIA,2022-23
Nik Stauskas,618637,BOS,2022-23
Davon Reed,615637,DEN,2022-23
Wenyen Gabriel,603628,LAL,2022-23
Skylar Mays,590786,ATL,2022-23
Georgios Kalaitzakis,578001,OKC,2022-23
Chris Silva,554641,MIA,2022-23
Kessler Edwards,535632,BRK,2022-23
Trent Forrest,535632,UTA,2022-23
Sharife Cooper,534959,ATL,2022-23
Brodric Thomas,534959,BOS,2022-23
Scottie Lewis,534959,CHO,2022-23
Arnoldas Kulboka,534959,CHO,2022-23
Tyler Cook,534959,CHI,2022-23
Markus Howard,534959,DEN,2022-23
Jamorko Pickett,534959,DET,2022-23
Chris Chiozza,534959,GSW,2022-23
Jay Scrubb,534959,LAC,2022-23
Yves Pons,534959,MEM,2022-23
Sandro Mamukelashvili,534959,MIL,2022-23
Nathan Knight,534959,MIN,2022-23
Jericho Sims,534959,NYK,2022-23
Ignas Brazdeikis,534959,ORL,2022-23
Keljin Blevins,534959,POR,2022-23
Neemias Queta,534959,SAC,2022-23
David Johnson,534959,TOR,2022-23
Justin Champagnie,534959,TOR,2022-23
Cassius Winston,534959,WAS,2022-23
Justin Anderson,515532,IND,2022-23
Theo Pinson,509613,DAL,2022-23
Langston Galloway,446496,MIL,2022-23
Tim Frazier,446496,CLE,2022-23
Kyle Guy,442972,MIA,2022-23
Sam Dekker,404721,TOR,2022-23
Quinndary Weatherspoon,400664,GSW,2022-23
Brandon Goodwin,397769,CLE,2022-23
Malcolm Hill,375086,CHI,2022-23
Louis King,365863,SAC,2022-23
Justin Jackson,356724,PHO,2022-23
Shaquille Harrison,356724,BRK,2022-23
Jeff Dowtin,353564,ORL,2022-23
Trevelin Queen,350491,HOU,2022-23
Paul Watson,350491,OKC,2022-23
Myles Powell,347416,PHI,2022-23
Mason Jones,341267,LAL,2022-23
Eugene Omoruyi,325894,DAL,2022-23
Brandon Knight,317616,DAL,2022-23
Justin Robinson,307533,DET,2022-23
Mychal Mulder,298223,MIA,2022-23
Tyler Johnson,297664,SAS,2022-23
Cassius Stanley,296873,DET,2022-23
Zylan Cheatham,296871,UTA,2022-23
Devon Dotson,276703,CHI,2022-23
Marcus Garrett,273628,MIA,2022-23
Lindell Wigginton,270554,MIL,2022-23
Jay Huff,261331,LAL,2022-23
Olivier Sarr,258257,OKC,2022-23
Aaron Henry,258256,PHI,2022-23
Freddie Gillespie,255732,ORL,2022-23
JaQuori McLaughlin,255181,DAL,2022-23
Rayjon Tucker,255134,MIL,2022-23
Tacko Fall,252108,CLE,2022-23
Petr Cornelie,252108,DEN,2022-23
Juwan Morgan,244042,BOS,2022-23
Damyean Dotson,237816,NYK,2022-23
Xavier Moon,233661,LAC,2022-23
Tyrone Wallace,229835,NOP,2022-23
Norvel Pelle,221856,UTA,2022-23
Jaylen Hoard,221856,OKC,2022-23
Tremont Waters,221856,WAS,2022-23
Reggie Perry,217706,IND,2022-23
Devin Cannady,214592,ORL,2022-23
Brandon Williams,209065,POR,2022-23
Moses Wright,199840,DAL,2022-23
DeJon Jarreau,199840,IND,2022-23
Dakota Mathias,197915,MEM,2022-23
Matt Mooney,197915,NYK,2022-23
Lindy Waters III,184468,OKC,2022-23
Joe Johnson,175557,BOS,2022-23
Darren Collison,175557,LAL,2022-23
Xavier Sneed,169096,UTA,2022-23
Anthony Lamb,157372,SAS,2022-23
Braxton Key,147574,DET,2022-23
Feron Hunt,135276,NYK,2022-23
Mac McClung,129128,LAL,2022-23
Matt Ryan,129128,BOS,2022-23
Emmanuel Mudiay,128883,SAC,2022-23
Carlik Jones,122978,DEN,2022-23
Hassani Gravett,122979,ORL,2022-23
Paris Bass,122979,PHO,2022-23
Jordan Bell,118908,CHI,2022-23
Cheick Diallo,118908,DET,2022-23
Nate Hinton,111255,IND,2022-23
Derrick Walton,110928,DET,2022-23
DaQuan Jeffries,110928,MEM,2022-23
Scotty Hopson,110928,OKC,2022-23
Jaylen Morris,110928,SAS,2022-23
Cameron Oliver,98957,ATL,2022-23
Malik Newman,98957,CLE,2022-23
George King,98957,DAL,2022-23
Jemerrio Jones,98957,LAL,2022-23
Emanuel Terry,98957,PHO,2022-23
Jared Harper,98383,NOP,2022-23
Gabriel Lundberg,92234,PHO,2022-23
Tre Scott,61489,CLE,2022-23
Trayvon Palmer,61489,DET,2022-23
Micah Potter,61489,DET,2022-23
Jaysean Paige,61489,DET,2022-23
Ahmad Caver,61489,IND,2022-23
Shaq Buchanan,61489,MEM,2022-23
Jon Teske,61489,MEM,2022-23
Javin DeLaurier,61489,MIL,2022-23
Tyler Hall,61489,NYK,2022-23
Rob Edwards,61489,OKC,2022-23
Aleem Ford,61489,ORL,2022-23
Cameron McGriff,61489,POR,2022-23
Jarron Cumberland,61489,POR,2022-23
Ade Murkey,61489,SAC,2022-23
Jordan Schakel,61489,WAS,2022-23
Jordan Goodwin,61489,WAS,2022-23
Craig Sword,61489,WAS,2022-23
Jaime Echenique,61489,WAS,2022-23
Zavier Simpson,43042,OKC,2022-23
Melvin Frazier,15372,OKC,2022-23
Stephen Curry,50968059,GSW,2023-24
John Wall,50200141,LAC,2023-24
Russell Westbrook,49918548,LAC,2023-24
LeBron James,47156296,LAL,2023-24
Kevin Durant,46779742,PHO,2023-24
Bradley Beal,45888469,WAS,2023-24
Kawhi Leonard,45054279,LAC,2023-24
Paul George,45054279,LAC,2023-24
Giannis Antetokounmpo,45054279,MIL,2023-24
Damian Lillard,45054279,POR,2023-24
Klay Thompson,43047777,GSW,2023-24
Kyrie Irving,41263288,DAL,2023-24
Rudy Gobert,40473752,MIN,2023-24
Khris Middleton,40274272,MIL,2023-24
Anthony Davis,40270501,LAL,2023-24
Jimmy Butler,39923342,MIA,2023-24
Tobias Harris,39901871,PHI,2023-24
Kemba Walker,39528872,DAL,2023-24
Trae Young,39332974,ATL,2023-24
Zach LaVine,39332974,CHI,2023-24
Ben Simmons,37585801,BRK,2023-24
Pascal Siakam,37585801,TOR,2023-24
Myles Turner,37212398,IND,2023-24
Jrue Holiday,36388575,MIL,2023-24
Karl-Anthony Towns,35873148,MIN,2023-24
Devin Booker,35873148,PHO,2023-24
Andrew Wiggins,35643458,GSW,2023-24
Joel Embiid,35643458,PHI,2023-24
CJ McCollum,35342933,NOP,2023-24
James Harden,34989504,PHI,2023-24
Jamal Murray,33558751,DEN,2023-24
Brandon Ingram,33558751,NOP,2023-24
D'Angelo Russell,33269452,LAL,2023-24
Donovan Mitchell,32777478,CLE,2023-24
Shai Gilgeous-Alexander,32777478,OKC,2023-24
Deandre Ayton,32777478,PHO,2023-24
Kevin Love,32399186,MIA,2023-24
Jayson Tatum,32181628,BOS,2023-24
Bam Adebayo,32181628,MIA,2023-24
De'Aaron Fox,32181628,SAC,2023-24
Gordon Hayward,31888161,CHO,2023-24
Jaylen Brown,31571968,BOS,2023-24
Chris Paul,30112179,PHO,2023-24
Kyle Lowry,30041494,MIA,2023-24
Jalen Brunson,29405319,NYK,2023-24
DeMar DeRozan,28945862,CHI,2023-24
Al Horford,28097632,BOS,2023-24
Draymond Green,27362288,GSW,2023-24
Julius Randle,25192443,NYK,2023-24
John Collins,24916768,ATL,2023-24
Mike Conley,24047332,MIN,2023-24
Malcolm Brogdon,23962508,BOS,2023-24
Anfernee Simons,23667143,POR,2023-24
Terry Rozier,22781683,CHO,2023-24
Fred VanVleet,22531120,TOR,2023-24
Buddy Hield,22454514,IND,2023-24
Domantas Sabonis,22372076,SAC,2023-24
Jerami Grant,22218335,POR,2023-24
Aaron Gordon,21938322,DEN,2023-24
Mikal Bridges,21311788,BRK,2023-24
Jarrett Allen,21205760,CLE,2023-24
Nicolas Batum,20888011,LAC,2023-24
Eric Gordon,20748097,LAC,2023-24
Spencer Dinwiddie,20675616,BRK,2023-24
Caris LeVert,19929487,CLE,2023-24
Joe Harris,19766797,BRK,2023-24
Harrison Barnes,19458694,SAC,2023-24
Clint Capela,19304553,ATL,2023-24
Evan Fournier,19085184,NYK,2023-24
Steven Adams,19007601,MEM,2023-24
Jonathan Isaac,18449011,ORL,2023-24
OG Anunoby,18403570,TOR,2023-24
Marcus Smart,18244526,BOS,2023-24
Derrick White,18176365,BOS,2023-24
Dejounte Murray,18100303,ATL,2023-24
Mitchell Robinson,18073090,NYK,2023-24
Duncan Robinson,17920987,MIA,2023-24
Norman Powell,17768964,LAC,2023-24
Collin Sexton,17706809,UTA,2023-24
Markelle Fultz,17494752,ORL,2023-24
Lauri Markkanen,17468726,UTA,2023-24
Marcus Morris,17359133,LAC,2023-24
Malik Beasley,16495997,LAL,2023-24
Luguentz Dort,16198844,OKC,2023-24
Will Barton,15967631,TOR,2023-24
Tyus Jones,15904320,MEM,2023-24
Derrick Rose,15396155,NYK,2023-24
Kevin Huerter,15383643,SAC,2023-24
Christian Wood,15180630,DAL,2023-24
Kentavious Caldwell-Pope,14849018,DEN,2023-24
Brook Lopez,14745399,MIL,2023-24
Patrick Beverley,14633685,CHI,2023-24
Doug McDermott,14578960,SAS,2023-24
Luke Kennard,14574141,MEM,2023-24
Zion Williamson,14350804,NOP,2023-24
Jordan Clarkson,14144242,UTA,2023-24
Gary Harris,13783744,ORL,2023-24
Kyle Kuzma,13783744,WAS,2023-24
Josh Hart,13741332,NYK,2023-24
Dorian Finney-Smith,13719965,BRK,2023-24
Kelly Olynyk,13576858,UTA,2023-24
Chris Boucher,13455054,TOR,2023-24
Robert Covington,13049698,LAC,2023-24
Josh Richardson,12931372,NOP,2023-24
Ja Morant,12850096,MEM,2023-24
Danny Green,12416532,CLE,2023-24
Terrence Ross,12193311,PHO,2023-24
Reggie Jackson,12147949,DEN,2023-24
Dillon Brooks,12087283,MEM,2023-24
Richaun Holmes,11891405,SAC,2023-24
Dwight Powell,11748123,DAL,2023-24
Paolo Banchero,11721611,ORL,2023-24
RJ Barrett,11557811,NYK,2023-24
Bobby Portis,11497073,MIL,2023-24
DeAndre Jordan,11380873,DEN,2023-24
Anthony Edwards,11380495,MIN,2023-24
Robert Williams,11360230,BOS,2023-24
Cade Cunningham,11189007,DET,2023-24
Mo Bamba,10920966,LAL,2023-24
Talen Horton-Tucker,10878554,UTA,2023-24
Jae Crowder,10797761,MIL,2023-24
Ivica Zubac,10733780,LAC,2023-24
Reggie Bullock,10616451,DAL,2023-24
Alec Burks,10616451,DET,2023-24
De'Andre Hunter,10428866,ATL,2023-24
James Wiseman,10182327,DET,2023-24
Landry Shamet,10072736,PHO,2023-24
Malik Monk,10043280,SAC,2023-24
Jalen Green,10011069,HOU,2023-24
Jakob Poeltl,9964743,TOR,2023-24
Nerlens Noel,9957237,BRK,2023-24
Royce O'Neale,9754649,BRK,2023-24
Monte Morris,9675128,WAS,2023-24
Mason Plumlee,9627857,LAC,2023-24
Alex Caruso,9574400,CHI,2023-24
Maxi Kleber,9542592,DAL,2023-24
Grayson Allen,9463070,MIL,2023-24
Darius Garland,9458610,CLE,2023-24
Isaiah Hartenstein,9388722,NYK,2023-24
Kyle Anderson,9309846,MIN,2023-24
Victor Oladipo,9277520,MIA,2023-24
Daniel Theis,9218535,IND,2023-24
LaMelo Ball,9143838,CHO,2023-24
Seth Curry,9008899,BRK,2023-24
Evan Mobley,8989885,CLE,2023-24
Gary Payton II,8800390,GSW,2023-24
Dewayne Dedmon,8783094,PHI,2023-24
De'Anthony Melton,8747376,PHI,2023-24
JaMychal Green,8694360,GSW,2023-24
Keegan Murray,8491252,SAC,2023-24
Kevon Looney,8482304,GSW,2023-24
Thaddeus Young,8482304,TOR,2023-24
Delon Wright,8275418,WAS,2023-24
Patrick Williams,8244163,CHI,2023-24
Scottie Barnes,8105477,TOR,2023-24
Cedi Osman,7873792,CLE,2023-24
Coby White,7860927,CHI,2023-24
Zach Collins,7793116,SAS,2023-24
Jaden Ivey,7689420,DET,2023-24
Taurean Prince,7528044,MIN,2023-24
Jae'Sean Tate,7491164,HOU,2023-24
Isaac Okoro,7465360,CLE,2023-24
Cody Martin,7422016,CHO,2023-24
Jalen Suggs,7339652,ORL,2023-24
Jaxson Hayes,7213152,NOP,2023-24
Khem Birch,7069470,TOR,2023-24
Bennedict Mathurin,6983905,IND,2023-24
Bruce Brown,6869606,DEN,2023-24
Caleb Martin,6869606,MIA,2023-24
Joe Ingles,6869606,MIL,2023-24
Onyeka Okongwu,6780711,ATL,2023-24
Josh Giddey,6666454,OKC,2023-24
Rui Hachimura,6640783,LAL,2023-24
Rudy Gay,6557351,UTA,2023-24
Jevon Carter,6388234,MIL,2023-24
Shaedon Sharpe,6375469,POR,2023-24
Cameron Payne,6361728,PHO,2023-24
Justin Holiday,6348977,DAL,2023-24
Cam Reddish,6313436,POR,2023-24
Cameron Johnson,6242868,BRK,2023-24
Ricky Rubio,6206564,CLE,2023-24
Killian Hayes,6189706,DET,2023-24
Jonathan Kuminga,6085883,GSW,2023-24
Pat Connaughton,6073746,MIL,2023-24
Tyler Herro,6067090,MIA,2023-24
Romeo Langford,5973935,SAS,2023-24
Dyson Daniels,5840702,NOP,2023-24
JaVale McGee,5790465,DAL,2023-24
Goga Bitadze,5701719,ORL,2023-24
Obi Toppin,5670717,NYK,2023-24
Franz Wagner,5575291,ORL,2023-24
Kendrick Nunn,5566512,WAS,2023-24
Hamidou Diallo,5513497,DET,2023-24
Cory Joseph,5466314,DET,2023-24
Garrett Temple,5466314,NOP,2023-24
Torrey Craig,5430743,PHO,2023-24
Jeremy Sochan,5368789,SAS,2023-24
Nickeil Alexander-Walker,5311653,MIN,2023-24
Furkan Korkmaz,5301440,PHI,2023-24
Deni Avdija,5212545,WAS,2023-24
Davion Mitchell,5125008,SAC,2023-24
Johnny Davis,5100324,WAS,2023-24
Ty Jerome,5014046,GSW,2023-24
Jalen Smith,4951714,IND,2023-24
Ziaire Williams,4868503,MEM,2023-24
Ousmane Dieng,4845346,OKC,2023-24
Jeff Green,4771296,DEN,2023-24
Donte DiVincenzo,4771296,GSW,2023-24
Devin Vassell,4704497,SAS,2023-24
Matisse Thybulle,4643558,POR,2023-24
Jarred Vanderbilt,4637699,LAL,2023-24
James Bouknight,4625230,CHO,2023-24
Brandon Clarke,4605805,MEM,2023-24
Jalen Williams,4603219,OKC,2023-24
Grant Williams,4565898,BOS,2023-24
Darius Bazley,4521733,PHO,2023-24
Tyrese Haliburton,4469241,IND,2023-24
Nassir Little,4423042,POR,2023-24
Jalen Duren,4372924,DET,2023-24
Gorgui Dieng,4352732,SAS,2023-24
Justise Winslow,4344594,POR,2023-24
Dylan Windler,4280676,CLE,2023-24
Stanley Johnson,4264651,SAS,2023-24
George Hill,4241152,IND,2023-24
Terence Davis,4241152,SAC,2023-24
Chris Duarte,4174311,IND,2023-24
Alex Len,4154844,SAC,2023-24
Ochai Agbaji,4154590,UTA,2023-24
Jordan Poole,4136606,GSW,2023-24
Keldon Johnson,4106520,SAS,2023-24
James Johnson,4072637,IND,2023-24
Aaron Nesmith,4033717,IND,2023-24
Moses Moody,3965646,GSW,2023-24
Mark Williams,3946434,CHO,2023-24
Cole Anthony,3831541,ORL,2023-24
Corey Kispert,3767033,WAS,2023-24
AJ Griffin,3749348,ATL,2023-24
Mike Muscala,3711008,BOS,2023-24
Georges Niang,3673897,PHI,2023-24
Isaiah Stewart,3640308,DET,2023-24
Chuma Okeke,3640308,ORL,2023-24
Amir Coffey,3599743,LAC,2023-24
Tari Eason,3561677,HOU,2023-24
Aleksej Pokusevski,3458108,OKC,2023-24
Simone Fontecchio,3398358,UTA,2023-24
Andre Drummond,3392921,CHI,2023-24
Dalen Terry,3383803,CHI,2023-24
Sterling Brown,3310857,LAL,2023-24
Josh Green,3285196,DAL,2023-24
Jake LaRavia,3231376,MEM,2023-24
Tre Mann,3229849,OKC,2023-24
Kevin Knox,3180864,POR,2023-24
Saddiq Bey,3137477,ATL,2023-24
Malaki Branham,3101978,SAS,2023-24
Joe Wieskamp,3084654,TOR,2023-24
Kai Jones,3084420,CHO,2023-24
Blake Griffin,3081038,BOS,2023-24
Robin Lopez,3081038,CLE,2023-24
Markieff Morris,3081038,DAL,2023-24
Andre Iguodala,3081038,GSW,2023-24
Serge Ibaka,3081038,MIL,2023-24
Udonis Haslem,3081038,MIA,2023-24
Wesley Matthews,3081038,MIL,2023-24
Austin Rivers,3081038,MIN,2023-24
Bismack Biyombo,3081038,PHO,2023-24
Taj Gibson,3081038,WAS,2023-24
Precious Achiuwa,3011387,TOR,2023-24
Christian Braun,2977924,DEN,2023-24
Jordan Nwora,2968806,IND,2023-24
Jalen Johnson,2961002,ATL,2023-24
Tyrese Maxey,2891278,PHI,2023-24
Bruno Fernando,2881217,ATL,2023-24
Walker Kessler,2858960,UTA,2023-24
Keon Johnson,2842674,POR,2023-24
Charles Bassey,2835996,SAS,2023-24
Matthew Dellavedova,2787069,SAC,2023-24
Trey Lyles,2783256,SAC,2023-24
Zeke Nnaji,2775621,DEN,2023-24
David Roddy,2744703,MEM,2023-24
Isaiah Jackson,2728926,IND,2023-24
MarJon Beauchamp,2635027,MIL,2023-24
Usman Garuba,2620141,HOU,2023-24
Raul Neto,2612008,CLE,2023-24
Frank Kaminsky,2612008,HOU,2023-24
Montrezl Harrell,2612008,PHI,2023-24
Blake Wesley,2529295,SAS,2023-24
Josh Christopher,2515172,HOU,2023-24
Isaiah Roby,2471192,SAS,2023-24
Lindy Waters III,2456555,OKC,2023-24
Immanuel Quickley,2455881,NYK,2023-24
John Konchar,2438662,MEM,2023-24
Rodney McGruder,2436950,DET,2023-24
Bryn Forbes,2436950,MIN,2023-24
Damian Jones,2436950,UTA,2023-24
Quentin Grimes,2414275,NYK,2023-24
Saben Lee,2403289,PHO,2023-24
Andrew Nembhard,2379403,IND,2023-24
Payton Pritchard,2374196,BOS,2023-24
Bones Hyland,2334245,LAC,2023-24
Bol Bol,2332633,ORL,2023-24
Peyton Watson,2326229,DEN,2023-24
Udoka Azubuike,2305999,UTA,2023-24
Jaden McDaniels,2291748,MIN,2023-24
Jordan McLaughlin,2290222,MIN,2023-24
Malachi Flynn,2275081,TOR,2023-24
Cam Thomas,2267065,BRK,2023-24
Luke Kornet,2261889,BOS,2023-24
Damion Lee,2261889,PHO,2023-24
Juan Toscano-Anderson,2261889,UTA,2023-24
Desmond Bane,2258667,MEM,2023-24
Jaden Springer,2253324,PHI,2023-24
Day'Ron Sharpe,2236656,BRK,2023-24
Tony Bradley,2159083,CHI,2023-24
Frank Ntilikina,2159083,DAL,2023-24
Garrison Mathews,2120576,ATL,2023-24
Kenrich Williams,2120576,OKC,2023-24
Jaylin Williams,2120576,OKC,2023-24
Jeremiah Robinson-Earl,2120576,OKC,2023-24
Caleb Houstan,2120576,ORL,2023-24
Shake Milton,2118156,PHI,2023-24
Aaron Holiday,2086832,ATL,2023-24
Yuta Watanabe,2086832,BRK,2023-24
Edmond Sumner,2086832,BRK,2023-24
Theo Pinson,2086832,DAL,2023-24
Thomas Bryant,2086832,DEN,2023-24
Josh Okogie,2086832,PHO,2023-24
Drew Eubanks,2086832,POR,2023-24
Dean Wade,2047077,CLE,2023-24
Terance Mann,2047077,LAC,2023-24
Jaylen Nowell,2047077,MIN,2023-24
Naz Reid,2047077,MIN,2023-24
Jalen McDaniels,2047077,PHI,2023-24
Daniel Gafford,2047077,WAS,2023-24
Chimezie Metu,2026061,SAC,2023-24
Davon Reed,2016808,LAL,2023-24
KZ Okpala,2016808,SAC,2023-24
Wenyen Gabriel,1991984,LAL,2023-24
Thanasis Antetokounmpo,1991984,MIL,2023-24
Moritz Wagner,1991984,ORL,2023-24
Keita Bates-Diop,1991984,SAS,2023-24
Oshae Brissett,1958074,IND,2023-24
Nathan Knight,1946784,MIN,2023-24
Justin Jackson,1946784,BOS,2023-24
Isaiah Joe,1946784,OKC,2023-24
Ryan Arcidiacono,1946784,POR,2023-24
Anthony Gill,1946784,WAS,2023-24
Javonte Green,1925140,CHI,2023-24
Gabe Vincent,1925140,MIA,2023-24
Max Strus,1925140,MIA,2023-24
Nick Richards,1890091,CHO,2023-24
Lamar Stevens,1890091,CLE,2023-24
Naji Marshall,1890091,NOP,2023-24
Paul Reed,1890091,PHI,2023-24
Tre Jones,1890091,SAS,2023-24
Haywood Highsmith,1858301,MIA,2023-24
Omer Yurtseven,1858301,MIA,2023-24
Leandro Bolmaro,1812350,UTA,2023-24
Terry Taylor,1806626,CHI,2023-24
Jared Butler,1775616,OKC,2023-24
Jericho Sims,1738704,NYK,2023-24
Sam Hauser,1736715,BOS,2023-24
Kessler Edwards,1736715,SAC,2023-24
Isaiah Todd,1669953,WAS,2023-24
Vit Krejci,1657779,ATL,2023-24
JT Thor,1657779,CHO,2023-24
Marko Simonovic,1657779,CHI,2023-24
Ayo Dosunmu,1657779,CHI,2023-24
Isaiah Livers,1657779,DET,2023-24
Daishen Nix,1657779,HOU,2023-24
Jason Preston,1657779,LAC,2023-24
Austin Reaves,1657779,LAL,2023-24
Jose Alvarado,1657779,NOP,2023-24
Miles McBride,1657779,NYK,2023-24
Aaron Wiggins,1657779,OKC,2023-24
Jock Landale,1657779,PHO,2023-24
Trendon Watford,1657779,POR,2023-24
Dalano Banton,1657779,TOR,2023-24
Christian Koloko,1590432,TOR,2023-24
Bryce McGowens,1549139,CHO,2023-24
Jordan Goodwin,1357387,WAS,2023-24
Kennedy Chandler,1272345,MEM,2023-24
Noah Vonleh,1230946,BOS,2023-24
Sandro Mamukelashvili,1183400,SAS,2023-24
Sam Merrill,1172171,CLE,2023-24
Tyrese Martin,1079140,ATL,2023-24
Jaden Hardy,1079140,DAL,2023-24
Ryan Rollins,1079140,GSW,2023-24
Max Christie,1079140,LAL,2023-24
Josh Minott,1079140,MIN,2023-24
Jabari Walker,1079140,POR,2023-24
Eugene Omoruyi,1074197,DET,2023-24
Kris Dunn,1060289,UTA,2023-24
Admiral Schofield,930869,ORL,2023-24
Justin Champagnie,904680,BOS,2023-24
Trevelin Queen,889466,IND,2023-24
Moses Brown,873720,BRK,2023-24
Matt Ryan,854694,MIN,2023-24
PJ Dozier,831959,SAC,2023-24
Cody Zeller,788771,MIA,2023-24
Meyers Leonard,756576,MIL,2023-24
Anthony Lamb,736770,GSW,2023-24
Michael Carter-Williams,692186,ORL,2023-24
Carlik Jones,649068,CHI,2023-24
Trevor Keels,551974,NYK,2023-24
Dereon Seabron,542672,NOP,2023-24
Trent Forrest,539571,ATL,2023-24
Mfiondu Kabengele,539571,BOS,2023-24
JD Davison,539571,BOS,2023-24
Malcolm Hill,539571,CHI,2023-24
Mamadi Diakite,539571,CLE,2023-24
Isaiah Mobley,539571,CLE,2023-24
Jack White,539571,DEN,2023-24
Buddy Boeheim,539571,DET,2023-24
Darius Days,539571,HOU,2023-24
Trevor Hudgins,539571,HOU,2023-24
Kendall Brown,539571,IND,2023-24
Cole Swider,539571,LAL,2023-24
Jamal Cain,539571,MIA,2023-24
Luka Garza,539571,MIN,2023-24
Kevon Harris,539571,ORL,2023-24
Keon Ellis,539571,SAC,2023-24
Neemias Queta,539571,SAC,2023-24
Julian Champagnie,539571,SAS,2023-24
Dominick Barlow,539571,SAS,2023-24
Jeff Dowtin,539571,TOR,2023-24
Micah Potter,539571,UTA,2023-24
Johnny Juzang,539571,UTA,2023-24
John Butler,533368,POR,2023-24
Chima Moneke,530144,SAC,2023-24
Facundo Campazzo,492290,DAL,2023-24
Orlando Robinson,409328,MIA,2023-24
Dru Smith,396925,BRK,2023-24
Jared Rhoden,325602,DET,2023-24
Louis King,325602,PHI,2023-24
Jarrett Culver,275987,ATL,2023-24
Olivier Sarr,272887,OKC,2023-24
Alondes Williams,269786,BRK,2023-24
Donovan Williams,254280,ATL,2023-24
Quenton Jackson,232870,WAS,2023-24
Chris Silva,223768,DAL,2023-24
Tyler Dorsey,213968,DAL,2023-24
Braxton Key,213968,DET,2023-24
Jordan Hall,204663,SAS,2023-24
Alize Johnson,203885,SAS,2023-24
Devon Dotson,179856,WAS,2023-24
Mac McClung,170553,PHI,2023-24
Xavier Cooks,148847,WAS,2023-24
Shaquille Harrison,142992,POR,2023-24
Lester Quinones,137206,GSW,2023-24
Xavier Moon,124038,LAC,2023-24
Jamaree Bouyea,124038,WAS,2023-24
Jay Huff,124038,WAS,2023-24
Skylar Mays,123602,POR,2023-24
Frank Jackson,119933,UTA,2023-24
Deonte Burton,111883,SAC,2023-24
Jarrell Brantley,111883,UTA,2023-24
Xavier Sneed,109114,CHO,2023-24
Lindell Wigginton,105432,MIL,2023-24
Jordan Schakel,102332,WAS,2023-24
Stanley Umude,62019,DET,2023-24
Jeenathan Williams,55817,POR,2023-24
Jay Scrubb,52716,ORL,2023-24
Justin Minaya,37211,POR,2023-24
Kobi Simmons,34772,CHO,2023-24
Gabe York,34110,IND,2023-24
RaiQuan Gray,6201,BRK,2023-24
Jacob Gilyard,6201,MEM,2023-24
Stephen Curry,53458234,GSW,2024-25
Kevin Durant,49065286,PHO,2024-25
LeBron James,49021953,LAL,2024-25
Joel Embiid,49021953,PHI,2024-25
Bradley Beal,48130468,PHO,2024-25
Paul George,46996232,LAC,2024-25
Kawhi Leonard,46996232,LAC,2024-25
Giannis Antetokounmpo,46996232,MIL,2024-25
Damian Lillard,46996232,MIL,2024-25
Jimmy Butler,46526554,MIA,2024-25
Klay Thompson,44503661,GSW,2024-25
Rudy Gobert,42218272,MIN,2024-25
Fred VanVleet,42018817,HOU,2024-25
Anthony Davis,41806469,LAL,2024-25
Trae Young,41254687,ATL,2024-25
Zach LaVine,41254687,CHI,2024-25
Tobias Harris,40437022,PHI,2024-25
Kyrie Irving,39167268,DAL,2024-25
Ben Simmons,39019371,BRK,2024-25
Pascal Siakam,39019371,IND,2024-25
Jrue Holiday,38738196,BOS,2024-25
Karl-Anthony Towns,37086384,MIN,2024-25
Devin Booker,37086384,PHO,2024-25
CJ McCollum,36866302,NOP,2024-25
James Harden,36740807,LAC,2024-25
Darius Garland,35015681,CLE,2024-25
Ja Morant,35015681,MEM,2024-25
Zion Williamson,35015681,NOP,2024-25
Jamal Murray,34838724,DEN,2024-25
Brandon Ingram,34838724,NOP,2024-25
Shai Gilgeous-Alexander,34378905,OKC,2024-25
Gordon Hayward,34309448,OKC,2024-25
Donovan Mitchell,34147405,CLE,2024-25
Jayson Tatum,33568737,BOS,2024-25
Bam Adebayo,33568737,MIA,2024-25
De'Aaron Fox,33568737,SAC,2024-25
Deandre Ayton,33423936,POR,2024-25
Jaylen Brown,32776163,BOS,2024-25
Chris Paul,31715190,GSW,2024-25
Kyle Lowry,30564525,PHI,2024-25
Khris Middleton,30192230,MIL,2024-25
Domantas Sabonis,30170619,SAC,2024-25
DeMar DeRozan,29449819,CHI,2024-25
Jordan Poole,28786021,WAS,2024-25
Jerami Grant,28405902,POR,2024-25
Tyler Herro,27802277,MIA,2024-25
Julius Randle,27744448,NYK,2024-25
Jalen Brunson,27129530,NYK,2024-25
Cameron Johnson,26442383,BRK,2024-25
Kyle Kuzma,26327914,WAS,2024-25
John Collins,26092952,UTA,2024-25
Brook Lopez,25742849,MIL,2024-25
Mike Conley,25083832,MIN,2024-25
Andrew Wiggins,25053308,GSW,2024-25
Anfernee Simons,24823461,POR,2024-25
RJ Barrett,24593615,TOR,2024-25
Jordan Clarkson,24185539,UTA,2024-25
Terry Rozier,23894740,MIA,2024-25
Dillon Brooks,23300028,HOU,2024-25
Malcolm Brogdon,23168564,POR,2024-25
Draymond Green,22984687,GSW,2024-25
Bruce Brown,22653707,TOR,2024-25
Mikal Bridges,22344793,BRK,2024-25
Aaron Gordon,21898084,DEN,2024-25
Myles Turner,21598250,IND,2024-25
Clint Capela,21228583,ATL,2024-25
Spencer Dinwiddie,21018311,LAL,2024-25
De'Andre Hunter,20686218,ATL,2024-25
Jarrett Allen,20594279,CLE,2024-25
Keldon Johnson,20594279,SAS,2024-25
Joe Harris,20520727,DET,2024-25
Jakob Poeltl,20079422,TOR,2024-25
Buddy Hield,19895988,PHI,2024-25
Derrick White,19417463,BOS,2024-25
Evan Fournier,19417463,DET,2024-25
OG Anunoby,19196810,NYK,2024-25
Marcus Smart,19135908,MEM,2024-25
Dejounte Murray,18755210,ATL,2024-25
Duncan Robinson,18693427,MIA,2024-25
Norman Powell,18534851,LAC,2024-25
Marcus Morris,18135610,CLE,2024-25
Collin Sexton,18045737,UTA,2024-25
Jonathan Isaac,17917023,ORL,2024-25
D'Angelo Russell,17821973,LAL,2024-25
Lauri Markkanen,17772862,UTA,2024-25
Markelle Fultz,17505137,ORL,2024-25
Harrison Barnes,17505137,SAC,2024-25
Rui Hachimura,16208460,LAL,2024-25
Mitchell Robinson,16147787,NYK,2024-25
Kevin Huerter,16135250,SAC,2024-25
Caris LeVert,15841754,CLE,2024-25
Luguentz Dort,15731741,OKC,2024-25
Luke Kennard,15202322,MEM,2024-25
Kentavious Caldwell-Pope,15141880,DEN,2024-25
Max Strus,14918170,CLE,2024-25
Reggie Bullock,14632779,HOU,2024-25
Doug McDermott,14415995,IND,2024-25
Tyus Jones,14415995,WAS,2024-25
Dorian Finney-Smith,14345983,BRK,2024-25
Anthony Edwards,13936990,MIN,2024-25
Gary Harris,13386281,ORL,2024-25
Josh Hart,13345093,NYK,2024-25
Naz Reid,13335207,MIN,2024-25
Brandon Clarke,12871424,MEM,2024-25
Grant Williams,12773601,CHO,2024-25
Daniel Gafford,12770512,DAL,2024-25
Kelly Olynyk,12557487,TOR,2024-25
Victor Wembanyama,12521972,SAS,2024-25
James Wiseman,12479556,DET,2024-25
Richaun Holmes,12403955,WAS,2024-25
Austin Reaves,12372167,LAL,2024-25
Chris Boucher,12099139,TOR,2024-25
Bobby Portis,12058792,MIL,2024-25
Nicolas Batum,12058792,PHI,2024-25
Robert Covington,12039732,PHI,2024-25
Paolo Banchero,11953002,ORL,2024-25
Robert Williams,11915262,POR,2024-25
Coby White,11441266,CHI,2024-25
Cade Cunningham,11383858,DET,2024-25
Talen Horton-Tucker,11347447,UTA,2024-25
Maxi Kleber,11326853,DAL,2024-25
Joe Ingles,11326853,ORL,2024-25
Ivica Zubac,11258205,LAC,2024-25
LaMelo Ball,11224536,CHO,2024-25
Donte DiVincenzo,11223882,NYK,2024-25
Brandon Miller,11203662,CHO,2024-25
Terance Mann,10891205,LAC,2024-25
Gabe Vincent,10811996,LAL,2024-25
Matisse Thybulle,10811996,POR,2024-25
Alec Burks,10801287,NYK,2024-25
Chet Holmgren,10694609,OKC,2024-25
Landry Shamet,10554568,WAS,2024-25
Al Horford,10297139,BOS,2024-25
Malik Monk,10241360,SAC,2024-25
Tre Jones,10189877,SAS,2024-25
Jalen Green,10185395,HOU,2024-25
Patrick Williams,10128144,CHI,2024-25
Monte Morris,10092150,MIN,2024-25
Scoot Henderson,10061236,POR,2024-25
Royce O'Neale,9782282,PHO,2024-25
Alex Caruso,9741094,CHI,2024-25
Pat Connaughton,9703889,MIL,2024-25
Cameron Payne,9670523,PHI,2024-25
Isaiah Hartenstein,9519830,NYK,2024-25
Kyle Anderson,9493460,MIN,2024-25
Daniel Theis,9379032,LAC,2024-25
Thaddeus Young,9278104,PHO,2024-25
Grayson Allen,9190197,PHO,2024-25
Isaac Okoro,9185866,CLE,2024-25
Evan Mobley,9146578,CLE,2024-25
Amen Thompson,9071042,HOU,2024-25
Georges Niang,9061482,CLE,2024-25
Gary Payton II,8973957,GSW,2024-25
Keegan Murray,8658864,SAC,2024-25
Delon Wright,8438631,MIA,2024-25
Onyeka Okongwu,8350015,ATL,2024-25
Scottie Barnes,8246649,TOR,2024-25
Jock Landale,8237711,HOU,2024-25
Jeff Green,8237711,HOU,2024-25
Moritz Wagner,8237711,ORL,2024-25
De'Anthony Melton,8237711,PHI,2024-25
Trey Lyles,8237711,SAC,2024-25
Ausar Thompson,8214460,DET,2024-25
Miles Bridges,8156673,CHO,2024-25
Danilo Gallinari,8083317,MIL,2024-25
Paul Reed,7952480,PHI,2024-25
Zach Collins,7928797,SAS,2024-25
Jaden Ivey,7840736,DET,2024-25
Cody Martin,7784637,CHO,2024-25
Kevon Looney,7722854,GSW,2024-25
Killian Hayes,7634253,DET,2024-25
Jalen Suggs,7467568,ORL,2024-25
Anthony Black,7460771,ORL,2024-25
Jae'Sean Tate,7207997,HOU,2024-25
Bennedict Mathurin,7121584,IND,2024-25
Obi Toppin,7005156,IND,2024-25
Caleb Martin,7005092,MIA,2024-25
Cedi Osman,6918485,SAS,2024-25
Bilal Coulibaly,6810791,WAS,2024-25
Josh Giddey,6782767,OKC,2024-25
Ayo Dosunmu,6674072,CHI,2024-25
Sasha Vezenkov,6529894,SAC,2024-25
Shaedon Sharpe,6501408,POR,2024-25
Deni Avdija,6449292,WAS,2024-25
Nassir Little,6435712,PHO,2024-25
Bismack Biyombo,6378124,OKC,2024-25
Jevon Carter,6374419,CHI,2024-25
Kenrich Williams,6358483,OKC,2024-25
Jarace Walker,6239510,IND,2024-25
Jonathan Kuminga,6191505,GSW,2024-25
Devin Vassell,6062851,SAS,2024-25
Tyrese Haliburton,5981026,IND,2024-25
Dyson Daniels,5955989,NOP,2024-25
Dean Wade,5879540,CLE,2024-25
Aaron Nesmith,5801673,IND,2024-25
Aleksej Pokusevski,5740458,CHO,2024-25
Taylor Hendricks,5735375,UTA,2024-25
Shake Milton,5717936,NYK,2024-25
JaVale McGee,5709529,SAC,2024-25
Cole Anthony,5704379,ORL,2024-25
Franz Wagner,5672405,ORL,2024-25
Furkan Korkmaz,5529945,PHI,2024-25
Jeremy Sochan,5474947,SAS,2024-25
Cason Wallace,5448579,OKC,2024-25
Isaiah Stewart,5423207,DET,2024-25
Chuma Okeke,5423206,ORL,2024-25
Davion Mitchell,5214100,SAC,2024-25
Johnny Davis,5200879,WAS,2024-25
Jalen Smith,5193643,IND,2024-25
Jett Howard,5176190,ORL,2024-25
Reggie Jackson,5148569,DEN,2024-25
Mason Plumlee,5148569,LAC,2024-25
Ziaire Williams,4953130,MEM,2024-25
Ousmane Dieng,4941020,OKC,2024-25
Taj Gibson,4918224,DET,2024-25
Josh Green,4906936,DAL,2024-25
Nickeil Alexander-Walker,4826784,MIN,2024-25
Jarred Vanderbilt,4777872,LAL,2024-25
James Bouknight,4705875,CHO,2024-25
Jalen Williams,4694136,OKC,2024-25
Saddiq Bey,4692389,ATL,2024-25
Gradey Dick,4671511,TOR,2024-25
Taurean Prince,4650188,LAL,2024-25
Jalen McDaniels,4650188,TOR,2024-25
Precious Achiuwa,4509659,NYK,2024-25
Tyrese Maxey,4472995,PHI,2024-25
Jalen Duren,4459361,DET,2024-25
Jordan Hawkins,4438269,NOP,2024-25
Mike Muscala,4436312,OKC,2024-25
Zeke Nnaji,4434237,DEN,2024-25
Immanuel Quickley,4295501,TOR,2024-25
Chris Duarte,4246952,SAC,2024-25
Ochai Agbaji,4236449,TOR,2024-25
Kobe Bufkin,4215900,ATL,2024-25
Payton Pritchard,4157240,BOS,2024-25
Seth Curry,4118855,CHO,2024-25
Dwight Powell,4118855,DAL,2024-25
Moses Moody,4034913,GSW,2024-25
Mark Williams,4024286,CHO,2024-25
Jaden McDaniels,4017325,MIN,2024-25
Keyonte George,4005356,UTA,2024-25
Malachi Flynn,3988106,DET,2024-25
Desmond Bane,3959335,MEM,2024-25
James Johnson,3953496,IND,2024-25
Russell Westbrook,3949713,LAC,2024-25
Kevin Love,3949713,MIA,2024-25
Corey Kispert,3832636,WAS,2024-25
AJ Griffin,3823245,ATL,2024-25
Jalen Hood-Schifino,3804871,LAL,2024-25
Amir Coffey,3775618,LAC,2024-25
Alperen Sengun,3641356,HOU,2024-25
Tari Eason,3631965,HOU,2024-25
Andre Drummond,3459838,CHI,2024-25
Brandin Podziemski,3452017,GSW,2024-25
Dalen Terry,3450324,CHI,2024-25
Keon Johnson,3442091,BRK,2024-25
Jake LaRavia,3295002,MEM,2024-25
Wesley Matthews,3291427,ATL,2024-25
Tristan Thompson,3291427,CLE,2024-25
Markieff Morris,3291427,DAL,2024-25
Justin Holiday,3291427,DEN,2024-25
DeAndre Jordan,3291427,DEN,2024-25
Cory Joseph,3291427,GSW,2024-25
Derrick Rose,3291427,MEM,2024-25
Jae Crowder,3291427,MIL,2024-25
Patrick Beverley,3291427,MIL,2024-25
Cody Zeller,3291427,NOP,2024-25
Eric Gordon,3291427,PHO,2024-25
Alex Len,3291427,SAC,2024-25
Robin Lopez,3291427,MIL,2024-25
Garrett Temple,3291427,TOR,2024-25
Tre Mann,3286229,CHO,2024-25
Usman Garuba,3253679,GSW,2024-25
Noah Clowney,3181260,BRK,2024-25
Malaki Branham,3163157,SAS,2024-25
Simone Fontecchio,3135347,DET,2024-25
Dante Exum,3089141,DAL,2024-25
Julian Champagnie,3089141,SAS,2024-25
Jordan Nwora,3089141,TOR,2024-25
Dariq Whitehead,3054172,BRK,2024-25
Christian Braun,3036750,DEN,2024-25
Jalen Johnson,3012284,ATL,2024-25
Josh Richardson,2977383,MIA,2024-25
Kris Murray,2932114,POR,2024-25
Walker Kessler,2915285,UTA,2024-25
Josh Okogie,2899609,PHO,2024-25
Omer Yurtseven,2883199,UTA,2024-25
Olivier-Maxence Prosper,2814949,DAL,2024-25
David Roddy,2799009,PHO,2024-25
Christian Wood,2790369,LAL,2024-25
Malik Beasley,2790369,MIL,2024-25
Chimezie Metu,2777404,DET,2024-25
Isaiah Jackson,2776397,IND,2024-25
Marcus Sasser,2701998,DET,2024-25
MarJon Beauchamp,2686935,MIL,2024-25
Charles Bassey,2677256,SAS,2024-25
Damian Jones,2663525,CLE,2024-25
Kris Dunn,2663338,UTA,2024-25
Bruno Fernando,2658229,ATL,2024-25
Jeremiah Robinson-Earl,2624578,NOP,2024-25
Ben Sheppard,2612561,IND,2024-25
Frank Ntilikina,2603356,CHO,2024-25
Torrey Craig,2603356,CHI,2024-25
Ryan Arcidiacono,2603356,NYK,2024-25
Thomas Bryant,2603356,MIA,2024-25
Blake Wesley,2579062,SAS,2024-25
Lamar Stevens,2566411,MEM,2024-25
Brice Sensabaugh,2521357,UTA,2024-25
Ty Jerome,2511498,CLE,2024-25
Julian Strawther,2503279,DEN,2024-25
Tristan Vukcevic,2496945,WAS,2024-25
Jordan McLaughlin,2491907,MIN,2024-25
Kobe Brown,2485066,LAC,2024-25
Luke Kornet,2485012,BOS,2024-25
John Konchar,2471313,MEM,2024-25
Quentin Grimes,2456609,DET,2024-25
Keita Bates-Diop,2416341,BRK,2024-25
Aaron Holiday,2416341,HOU,2024-25
Yuta Watanabe,2416341,MEM,2024-25
Thanasis Antetokounmpo,2416341,MIL,2024-25
Mo Bamba,2416341,PHI,2024-25
Drew Eubanks,2416341,PHO,2024-25
Harry Giles,2375090,LAL,2024-25
Bones Hyland,2374932,LAC,2024-25
Peyton Watson,2371966,DEN,2024-25
Cam Thomas,2306724,BRK,2024-25
Jaden Springer,2292390,BOS,2024-25
Day'Ron Sharpe,2275709,BRK,2024-25
Jordan Goodwin,2273654,MEM,2024-25
Oshae Brissett,2229330,BOS,2024-25
Cam Reddish,2229330,LAL,2024-25
Jaxson Hayes,2229330,LAL,2024-25
Bol Bol,2229330,PHO,2024-25
Moses Brown,2229330,POR,2024-25
Kevin Knox,2208036,DET,2024-25
Andrew Nembhard,2195252,IND,2024-25
Goga Bitadze,2127991,ORL,2024-25
Matt Ryan,2120986,NOP,2024-25
Trendon Watford,2079719,BRK,2024-25
Terry Taylor,2079719,CHI,2024-25
Dalano Banton,2079719,POR,2024-25
Colby Jones,2079719,SAC,2024-25
Sandro Mamukelashvili,2079719,SAS,2024-25
Garrison Mathews,2059427,ATL,2024-25
Jaylin Williams,2059427,OKC,2024-25
Caleb Houstan,2059427,ORL,2024-25
Sam Merrill,2056583,CLE,2024-25
Isaiah Joe,2056583,OKC,2024-25
Anthony Gill,2056583,WAS,2024-25
Duop Reath,2009198,POR,2024-25
Naji Marshall,1988049,NOP,2024-25
KJ Martin,1988049,PHI,2024-25
Sam Hauser,1985181,BOS,2024-25
Jericho Sims,1985181,NYK,2024-25
Kessler Edwards,1985181,SAC,2024-25
Haywood Highsmith,1958657,MIA,2024-25
Ryan Rollins,1949854,MIL,2024-25
JT Thor,1890653,CHO,2024-25
Jose Alvarado,1890653,NOP,2024-25
Miles McBride,1890653,NYK,2024-25
Aaron Wiggins,1890653,OKC,2024-25
Isaiah Livers,1890653,DET,2024-25
Jared Butler,1863557,WAS,2024-25
Orlando Robinson,1855306,MIA,2024-25
Dru Smith,1855306,MIA,2024-25
Leonard Miller,1853485,MIN,2024-25
Bryce McGowens,1770967,CHO,2024-25
Jaden Hardy,1770967,DAL,2024-25
Max Christie,1770967,LAL,2024-25
Josh Minott,1770967,MIN,2024-25
Jabari Walker,1770967,POR,2024-25
Jalen Pickett,1758898,DEN,2024-25
Julian Phillips,1647542,CHI,2024-25
Eugene Omoruyi,1503157,WAS,2024-25
DaQuan Jeffries,1381400,NYK,2024-25
Skylar Mays,1199904,LAL,2024-25
Mouhamed Gueye,1152829,ATL,2024-25
Jordan Walsh,1152829,BOS,2024-25
Hunter Tyson,1152829,DEN,2024-25
Trayce Jackson-Davis,1152829,GSW,2024-25
Maxwell Lewis,1152829,LAL,2024-25
Chris Livingston,1152829,MIL,2024-25
Rayan Rupert,1152829,POR,2024-25
Toumani Camara,1152829,POR,2024-25
Sidy Cissoko,1152829,SAS,2024-25
Dylan Windler,1149455,ATL,2024-25
Trent Forrest,1146002,ATL,2024-25
Lester Quinones,1141537,GSW,2024-25
Kendall Brown,1132685,IND,2024-25
Stanley Umude,1130875,DET,2024-25
Gui Santos,1060073,GSW,2024-25
Dominick Barlow,1045573,SAS,2024-25
Neemias Queta,917510,BOS,2024-25
Jalen Wilson,875256,BRK,2024-25
Javon Freeman-Liberty,874560,TOR,2024-25
Lindy Waters III,788858,OKC,2024-25
Jacob Toppin,781805,NYK,2024-25
Mamadi Diakite,731687,NYK,2024-25
Jack White,724454,MEM,2024-25
Jacob Gilyard,722175,BRK,2024-25
Luka Garza,707892,MIN,2024-25
Keon Ellis,703737,SAC,2024-25
Darius Bazley,642978,UTA,2024-25
Seth Lundy,576415,ATL,2024-25
JD Davison,576415,BOS,2024-25
Amari Bailey,576415,CHO,2024-25
Leaky Black,576415,CHO,2024-25
Adama Sanogo,576415,CHI,2024-25
Isaiah Mobley,576415,CLE,2024-25
Emoni Bates,576415,CLE,2024-25
Collin Gillespie,576415,DEN,2024-25
Braxton Key,576415,DEN,2024-25
Jay Huff,576415,DEN,2024-25
Jared Rhoden,576415,DET,2024-25
Malcolm Cazalon,576415,DET,2024-25
Jerome Robinson,576415,GSW,2024-25
Jermaine Samuels,576415,HOU,2024-25
Nate Hinton,576415,HOU,2024-25
Isaiah Wong,576415,IND,2024-25
Oscar Tshiebwe,576415,IND,2024-25
Jordan Miller,576415,LAC,2024-25
Colin Castleton,576415,LAL,2024-25
Cole Swider,576415,MIA,2024-25
Jamal Cain,576415,MIA,2024-25
Daishen Nix,576415,MIN,2024-25
Dereon Seabron,576415,NOP,2024-25
Keyontae Johnson,576415,OKC,2024-25
Olivier Sarr,576415,OKC,2024-25
Kevon Harris,576415,ORL,2024-25
Trevelin Queen,576415,ORL,2024-25
Admiral Schofield,576415,ORL,2024-25
Terquavion Smith,576415,PHI,2024-25
Saben Lee,576415,PHO,2024-25
Udoka Azubuike,576415,PHO,2024-25
Justin Minaya,576415,POR,2024-25
Jalen Slawson,576415,SAC,2024-25
Jordan Ford,576415,SAC,2024-25
Markquis Nowell,576415,TOR,2024-25
Johnny Juzang,576415,UTA,2024-25
Micah Potter,576415,UTA,2024-25
Marques Bolden,517051,CHO,2024-25
Onuralp Bitim,514856,CHI,2024-25
Xavier Moon,503535,LAC,2024-25
Isaiah Thomas,491822,PHO,2024-25
Ibou Badji,480346,POR,2024-25
Juan Toscano-Anderson,461240,SAC,2024-25
Jules Bernard,427342,WAS,2024-25
Jontay Porter,424030,TOR,2024-25
Jaylen Nowell,409990,DET,2024-25
Drew Peterson,407466,BOS,2024-25
Nathan Mensah,407466,CHO,2024-25
Henri Drell,400840,CHI,2024-25
Alex Fudge,387588,DAL,2024-25
Vit Krejci,380964,ATL,2024-25
Brandon Williams,361087,DAL,2024-25
Trey Jemison,351149,MEM,2024-25
Jason Preston,324648,UTA,2024-25
Tosan Evbuomwan,304770,DET,2024-25
Ashton Hagans,278888,POR,2024-25
Jeff Dowtin,277237,PHI,2024-25
Javonte Green,269057,CHI,2024-25
Justin Champagnie,261971,WAS,2024-25
Pete Nance,251768,CLE,2024-25
Lindell Wigginton,251767,MIL,2024-25
Armoni Brooks,248454,BRK,2024-25
D'Moi Hodge,248454,LAL,2024-25
Jahmi'us Ramsey,239048,TOR,2024-25
Dexter Dennis,218640,DAL,2024-25
Alondes Williams,218640,MIA,2024-25
Mason Jones,218640,SAC,2024-25
DeJon Jarreau,213253,MEM,2024-25
Zavier Simpson,213253,MEM,2024-25
Adam Flagler,212015,OKC,2024-25
Danny Green,208078,PHI,2024-25
Mouhamadou Gueye,205389,TOR,2024-25
Jamaree Bouyea,175876,SAS,2024-25
Pat Spencer,175574,GSW,2024-25
Buddy Boeheim,172261,DET,2024-25
Andrew Funk,165636,CHI,2024-25
Shaquille Harrison,149618,MEM,2024-25
Justin Jackson,149618,MIN,2024-25
RaiQuan Gray,145760,SAS,2024-25
Quenton Jackson,139134,IND,2024-25
Hamidou Diallo,138870,WAS,2024-25
Matthew Hurt,132509,MEM,2024-25
Wenyen Gabriel,128122,MEM,2024-25
Kobi Simmons,123823,TOR,2024-25
Malik Williams,79506,TOR,2024-25
Taze Moore,72787,POR,2024-25
Timmy Allen,66254,MEM,2024-25
Jalen Crutcher,66254,NOP,2024-25
Izaiah Brockington,66254,NOP,2024-25
Kaiser Gates,36440,NOP,2024-25
